date,campaign_name,adset_name,ad_name,impressions,clicks,spend,conversions,thruplay,광고목적,소재링크
2026-09-28,[복쫀바] 인지광고_CPV_26.08_관심사타깃,[복숭아] 26.08 복쫀바출시_맛인지_노현경,[26.08]F_V_JD복_인지_쫀득바출시_맛인지형_오먹_main.릴스_납작복숭아가격비교.X_스틱바P_이재원_260827_빙과_노현경.mp4,139,0,71.187011,0,20,인지,https://www.youtube.com/watch?v=QZ2vZ3EatZA
2026-09-28,[복쫀바] 인지광고_CPV_26.08_관심사타깃,[복숭아] 26.08 복쫀바출시_맛인지_노현경,[26.08]F_V_JD복_인지_복쫀바출시_맛인지형_오먹_var2.릴스_후숙복숭아.X_스틱바P_이재원_260828_빙과_노현경.mp4,106,0,44.152826,0,13,인지,https://www.youtube.com/watch?v=dwmgSg_9Ibg
2026-09-28,[복쫀바] 인지광고_CPV_26.08_관심사타깃,[복숭아] 26.08 복쫀바출시_맛인지_노현경,[26.08]F_V_JD복_인지_복쫀바출시_맛인지형_오먹_var6.릴스_1위.X_스틱바P_이재원_260828_빙과_노현경.mp4,88,0,63.777424,0,17,인지,https://www.youtube.com/watch?v=6Jhkg-PhzdQ
2026-09-28,[복쫀바] 인지광고_CPV_26.08_관심사타깃,[복숭아] 26.08 복쫀바출시_맛인지_노현경,[26.08]F_V_JD복_인지_복쫀바출시_맛인지형_오먹_var4.릴스_100프로복숭아농축액.X_스틱바P_이재원_260828_빙과_노현경.mp4,52,0,3.63665,0,1,인지,https://www.youtube.com/watch?v=OwVeq9WvFus
2026-09-28,[복쫀바] 인지광고_CPV_26.08_관심사타깃,[복숭아] 26.08 복쫀바출시_맛인지_노현경,[26.08]F_V_JD복_인지_복쫀바출시_맛인지형_오먹_var7.릴스_유럽.X_스틱바P_이재원_260828_빙과_노현경.mp4,24,0,11.039335,0,3,인지,https://www.youtube.com/watch?v=CmsPOl5nAkw
2026-09-28,[복쫀바] 인지광고_CPV_26.08_관심사타깃,[복숭아] 26.08 복쫀바출시_맛인지_노현경,[26.08]F_V_JD복_인지_복쫀바출시_맛인지형_오먹_var1.릴스_과일계 에르메스.X_스틱바P_이재원_260828_빙과_노현경.mp4,93,0,69.684921,0,18,인지,https://www.youtube.com/watch?v=hGbKenimSPk
2026-09-28,[복쫀바] 인지광고_CPV_26.08_관심사타깃,[복숭아] 26.08 복쫀바출시_맛인지_노현경,[26.08]F_V_JD복_인지_복쫀바출시_맛인지형_오먹_var3.릴스_쫀득복숭아.X_스틱바P_이재원_260828_빙과_노현경.mp4,92,0,60.590914,0,17,인지,https://www.youtube.com/watch?v=QIAmygLuoyE
2026-09-28,[복쫀바] 인지광고_CPV_26.08_관심사타깃,[복숭아] 26.08 복쫀바출시_맛인지_노현경,[26.08]F_V_JD복_인지_복쫀바출시_맛인지형_오먹_var5.릴스_생그릭요거트.X_스틱바P_이재원_260828_빙과_노현경.mp4,56,0,25.156303,0,7,인지,https://www.youtube.com/watch?v=Z3z-a2NFidY
2026-09-28,[복쫀바] 인지광고_CPV_26.08_관심사타깃,[복숭아] 9월 1주_납작복숭아(백정우베BP)_JD복,[26.09]F_V_JD복_인지_복쫀바출시_맛인지형_우베BP_main.릴스_납작복숭아.X_스틱바P_황경원_260904_빙과_정요한,100,0,45.516556,0,16,인지,https://www.youtube.com/watch?v=-8pFZpb6lGM
2026-09-28,[복쫀바] 인지광고_CPV_26.08_관심사타깃,[복숭아] 9월 1주_납작복숭아(백정우베BP)_JD복,[26.09]F_V_JD복_인지_복쫀바출시_신규BP_백정BP_main.릴스_납작복숭아.X_스틱바P_황경원_260904_빙과_정요한,3,0,5.968407,0,2,인지,https://www.youtube.com/watch?v=9FWB2f6_rMI
2026-09-28,[쫀득바] 인지광고_조회_26.08_관심사타깃,0727_AI_초등학생유행템,[26.07]F_V_JD멜_인지_쫀득바출시_기타_AI활용형_var1.릴스_초딩유행템.학부모행진.AI건_1P_문선정_260723_빙과_함주현,35613,4,74764.26128,0,17840,인지,https://www.youtube.com/watch?v=-_EI5r45yxs
2026-09-28,[쫀득바] 인지광고_조회_26.08_관심사타깃,0727_AI_초등학생유행템,[26.07]F_V_JD멜_인지_쫀득바출시_기타_AI활용형_main.릴스_초딩유행템.본론.AI건_1P_문선정_260723_빙과_함주현,15438,0,36164.57648,0,9098,인지,https://www.youtube.com/watch?v=qxdNziti-04
2026-09-28,[쫀득바] 인지광고_조회_26.08_관심사타깃,0724_수현_바이럴(3)_JD멜,[26.07]F_V_JD멜_인지_쫀득바출시_바이럴형_정보전달형_main.릴스_600억.X_1P_김유진_260724_빙과_이수현,53536,11,82858.3225,0,27337,인지,https://www.youtube.com/watch?v=UyPVgdehASY
2026-09-28,[쫀득바] 인지광고_조회_26.08_관심사타깃,0812_요한_바이럴(2)_JD멜,[26.08]F_V_JD멜_인지_쫀득바출시_바이럴형_커뮤니티형_main.릴스_돈키호테역대급콜라보.X_스틱바P_이재원_260812_빙과_정요한,134772,18,256076.972,0,64390,인지,https://www.youtube.com/watch?v=8nh4UouNkLc
2026-09-28,[쫀득바] 인지광고_조회_26.08_관심사타깃,0814_수현_바이럴(4)_JD멜,[26.08]F_V_JD멜_인지_쫀득바출시_바이럴형_썰애니형_main.릴스_컴플레인.편의점.고급멜론.X_스틱바P_이수현_260814_빙과_이수현,244520,34,500930.268,0,121516,인지,https://www.youtube.com/watch?v=bB0HJzv4uzU
2026-09-28,[쫀득바] 인지광고_조회_26.08_관심사타깃,[09.22] 쫀득바3종_추석초딩_함주현,[26.09]F_I_JD멜_인지_쫀득바출시_일상반응형__.릴스_추석.누나동생.먹방.__김바다_260922_빙과_함주현,65460,23,151064.8976,0,41938,인지,https://www.youtube.com/watch?v=y739wjIWcts
2026-09-28,[쫀득바] 인지광고_조회_26.08_관심사타깃,[09.22] 쫀득바3종_추석초딩_함주현,[26.09]F_I_JD멜_인지_쫀득바출시_일상반응형__.릴스_추석.누나동생.직장인.__김바다_260922_빙과_함주현,33969,21,86184.53757,0,27807,인지,https://www.youtube.com/watch?v=qgySlfg7Xgs
2026-09-28,[쫀득바] 인지광고_조회_26.08_관심사타깃,[09.22] 쫀득바3종_추석초딩_함주현,[26.09]F_I_JD멜_인지_쫀득바출시_일상반응형__.릴스_추석.누나동생.편지.__김바다_260922_빙과_함주현,116170,11,252807.5893,0,58309,인지,https://www.youtube.com/watch?v=YKZrq8o0xfU
2026-09-28,[쫀득바] 인지광고_조회_26.08_관심사타깃,[09.22] 쫀득바3종_추석초딩_함주현,[26.09]F_I_JD멜_인지_쫀득바출시_일상반응형__.릴스_추석.누나동생.떼쓰기.__김바다_260922_빙과_함주현,97,0,203.716982,0,53,인지,https://www.youtube.com/watch?v=LixWVrtKF8o
2026-09-28,[쫀득바] 인지광고_조회_26.08_관심사타깃,[09.22] 쫀득바3종_추석초딩_함주현,[26.09]F_I_JD멜_인지_쫀득바출시_일상반응형__.릴스_추석.누나동생.욕심.__김바다_260922_빙과_함주현,61,0,141.442461,0,36,인지,https://www.youtube.com/watch?v=VQqKROTo9JM
2026-09-28,[쫀득바] 인지광고_조회_26.08_관심사타깃,[09.22] 쫀득바3종_추석초딩_함주현,[26.09]F_I_JD멜_인지_쫀득바출시_일상반응형__.릴스_추석.누나동생.삐짐.__김바다_260922_빙과_함주현,36130,16,89656.07864,0,27714,인지,https://www.youtube.com/watch?v=DDHVmjRNUSY
2026-09-28,[복쫀바] 인지광고_CPV_26.08_관심사타깃,[09.22] 쫀득바3종_추석초딩_함주현,[26.09]F_I_JD멜_인지_쫀득바출시_일상반응형__.릴스_추석.누나동생.먹방.__김바다_260922_빙과_함주현,845,0,1054.517796,0,260,인지,https://www.youtube.com/watch?v=y739wjIWcts
2026-09-28,[복쫀바] 인지광고_CPV_26.08_관심사타깃,[09.22] 쫀득바3종_추석초딩_함주현,[26.09]F_I_JD멜_인지_쫀득바출시_일상반응형__.릴스_추석.누나동생.삐짐.__김바다_260922_빙과_함주현,182,0,142.083021,0,36,인지,https://www.youtube.com/watch?v=DDHVmjRNUSY
2026-09-28,[복쫀바] 인지광고_CPV_26.08_관심사타깃,[09.22] 쫀득바3종_추석초딩_함주현,[26.09]F_I_JD멜_인지_쫀득바출시_일상반응형__.릴스_추석.누나동생.욕심.__김바다_260922_빙과_함주현,1482,0,1936.152641,0,487,인지,https://www.youtube.com/watch?v=VQqKROTo9JM
2026-09-28,[복쫀바] 인지광고_CPV_26.08_관심사타깃,[09.22] 쫀득바3종_추석초딩_함주현,[26.09]F_I_JD멜_인지_쫀득바출시_일상반응형__.릴스_추석.누나동생.편지.__김바다_260922_빙과_함주현,4204,0,6016.682302,0,1516,인지,https://www.youtube.com/watch?v=YKZrq8o0xfU
2026-09-28,[복쫀바] 인지광고_CPV_26.08_관심사타깃,[09.22] 쫀득바3종_추석초딩_함주현,[26.09]F_I_JD멜_인지_쫀득바출시_일상반응형__.릴스_추석.누나동생.떼쓰기.__김바다_260922_빙과_함주현,4467,0,5415.719148,0,1362,인지,https://www.youtube.com/watch?v=LixWVrtKF8o
2026-09-28,[복쫀바] 인지광고_CPV_26.08_관심사타깃,[09.22] 쫀득바3종_추석초딩_함주현,[26.09]F_I_JD멜_인지_쫀득바출시_일상반응형__.릴스_추석.누나동생.직장인.__김바다_260922_빙과_함주현,328,0,134.088993,0,34,인지,https://www.youtube.com/watch?v=qgySlfg7Xgs
