date,ad_id,campaign_name,adset_name,ad_name,impressions,clicks,spend,conversions,thruplay,광고목적
2026-08-24,120243940488790659,[빙과_파인트_초코] 26.02_복요파출시_수동_전환_video_전체타겟,쩜오건_3월 3주차,[26.03]F_V_P초_전환_복요파출시_쩜오건_밈활용_var1.릴스_기본.03_00_이봄_260320_1T_이봄1,13437,191,221982,16,423,전환
2026-08-24,120246025850610659,[빙과_파인트] 26.04_파인트990원_수동_전환_video_전체타겟,4월 5주차_네고형,[26.05]F_V_P혼_전환_파인트990원_네고형_기본네고형_var1.릴스_악플읽기.재원PJ1_1C_문선정_260501_1T_최재원,1783,56,20161,1,208,전환
2026-08-24,120247085571430659,[빙과_파인트] 26.05_파인트990원_ASC_전환_video_전체타겟_5월 2주차_쩜오건/원데이건,[파인트] 26.05_파인트990원_ASC_전환_video_전체타겟_5월 2주차_쩜오건/원데이건,[26.05]F_V_P혼_전환_파인트990원_원데이건_골라담기BP_var3.릴스_맛.인트로.재원PJ1_1C_연시온_260515_1T_연시온,6689,125,71111,7,138,전환
2026-08-24,120247312040950659,[빙과_파인트] 26.05_파인트990원_ASC_전환_video_전체타겟_5월 3주차_타율형 재집행,[파인트] 26.05_파인트990원_ASC_전환_video_전체타겟_5월 3주차_타율형 재집행,[26.05]F_V_P혼_전환_파인트990원_인플루언서형_인플루언서형_var2.릴스_맛.X_1C_고가영_260515_1T_이봄1,34891,506,459895,32,1910,전환
2026-08-24,120247551338690659,[빙과_파인트] 26.04_파인트990원_수동_전환_video_전체타겟,5월 3주차_파르셀BP,[26.05]F_V_P애_전환_파인트990원_신규BP_파르셀BP_main.릴스_본론.X_1C_고가영_260522_1T_이봄1,23107,311,257360,14,949,전환
2026-08-24,120248737510830659,[빙과_스틱바_멜론쫀득] 26.05_쫀득바출시_ASC_전환_video_전체타겟_6월 1주차_맛인지/원가강조,[빙과_스틱바_멜론쫀득] 26.05_쫀득바출시_ASC_전환_video_전체타겟_6월 1주차_맛인지/원가강조,[26.06]F_V_JD멜_전환_쫀득바출시_맛인지형_우베BP_var1.릴스_혜택.X_2P_김유진_260605_빙과_김지연,7070,141,95749,9,264,전환
2026-08-24,120249872523430659,[빙과_파인트_망고] 26.05_망요파출시_수동_전환_image_전체타겟,0623_애플민트,[26.06]F_I_P애_전환_상시_혜택강조형__.배너_.대세감.딱100원.다시는없습니다.__박지연_260623_빙과_홍정민,6445,117,75451,4,0,전환
2026-08-24,120250393420560659,[빙과_파인트] 26.04_파인트990원_수동_전환_image_전체타겟,0630_타제품 비교_990원,[26.06]F_I_P혼_전환_파인트990원_혜택강조형__.배너_페인포인트.타제품 비교.한달젤라또무제한.올여름시원하게.__손유곤_260630_빙과_김민우,1058,33,19150,0,0,전환
2026-08-24,120250485488740659,[빙과_스틱바_듬뿍바] 26.06_듬뿍바출시_ASC_전환_video_전체타겟_7월 1주차_썬스틱BP/전화네고,[빙과_스틱바_듬뿍바] 26.06_듬뿍바출시_ASC_전환_video_전체타겟_7월 1주차_썬스틱BP/전화네고,[26.07]F_V_DB베_전환_듬뿍바출시이벤트_신규BP_썬스틱BP_main.릴스_본론.X_1P_고가영_260703_빙과_이수현,249,8,6991,0,30,전환
2026-08-24,120250597547660659,[빙과_스틱바_멜론쫀득] 26.05_쫀득바출시_수동_전환_image_전체타겟,0707_JD멜,[26.07]F_I_JD멜_전환_쫀득바출시_혜택강조형__.릴스_AI캐릭터.이득.가격희소성.판매자손해.울기.__문선정_260707_빙과_오형선,2000,33,43336,3,20,전환
2026-08-24,120250634137870659,[빙과_파인트] 26.04_파인트990원_수동_전환_image_전체타겟,0707_990원_P말,[26.07]F_I_P말_전환_파인트990원_혜택강조형__.배너_원재료강조.수급.텍스트소구.다시는없습니다.구하기힘들다는.__손유곤_260707_빙과_김민우,7166,70,89022,2,0,전환
2026-08-24,120250714652930659,[빙과_파인트_말차] 26.07_말차재입고_ASC_전환_video_전체타겟_7월 2주차_공구네고형/인플루언서형,[빙과_파인트_말차] 26.07_말차재입고_ASC_전환_video_전체타겟_7월 2주차_공구네고형/인플루언서형,[26.07]F_V_P말_전환_말차재입고_네고형_공구네고_var2.릴스_취식.X_2P_손유곤_260710_빙과_노현경,22540,307,312405,24,870,전환
2026-08-24,120250831611110659,[빙과_파인트] 26.07_재집행_ASC_전환_video_전체타겟_7월 3주차_B1,[빙과_파인트] 26.07_재집행_ASC_전환_video_전체타겟_7월 3주차_B1,[26.03]F_V_P초_전환_복요파출시_네고형_취식책상네고형.(재)_var3.릴스_pov.03_00_고가영_260306_1T_피재은,9364,163,79908,6,1146,전환
2026-08-24,120250974494940659,[빙과_파인트] 26.04_파인트990원_수동_전환_image_전체타겟,0720_990원_P골,[26.07]F_I_P골_전환_상시__혜택강조형__.배너_메세지테스트.식감강조.원가비싼.씨톡톡.이제는다시는없습니다.__고가영_260720_빙과_김민우,3342,38,27291,1,0,전환
2026-08-24,120251069202050659,[빙과_파인트] 26.04_파인트990원_수동_전환_image_전체타겟,0723_990원_P망/P복,[26.07]F_I_P복_전환_파인트990원__혜택강조형__.배너_고효율.공지문.재입고어렵습니다.원가상승.엄선된복숭아.__고가영_260723_빙과_김민우,3748,35,37425,2,0,전환
2026-08-24,120251095920660659,[빙과_스틱바_멜론쫀득] 26.05_쫀득바출시_수동_전환_image_전체타겟,0724_JD멜,[26.07]F_I_JD멜_전환_쫀득바출시_AI영상자동화_혜택강조형__.릴스_ai캐릭터.고효율베리.오열멜론1.지금이젤싸요.__김유진_260724_빙과_홍정민,3346,53,69415,6,47,전환
2026-08-24,120251109763140659,[빙과_파인트_P바] 26.07_말차재입고_ASC_전환_video_전체타겟_7월 4주차_인플루언서형,[빙과_파인트_P바] 26.07_말차재입고_ASC_전환_video_전체타겟_7월 4주차_인플루언서형,[26.07]F_V_P바_전환_말차재입고_인플루언서형_인플루언서형_var1.릴스_곰팡이.X_1P_손유곤_260724_빙과_정하얀,14887,139,113000,7,1209,전환
2026-08-24,120250087539300659,[빙과_스틱바_멜론쫀득] 26.05_쫀득바출시_수동_전환_image_전체타겟,0626_멜론쫀득바,[26.06]F_I_JD멜_전환_쫀득바출시_직원설득형__.배너_고효율.가격실수안내.__문선정_260625_빙과_오형선,10674,279,149655,19,0,전환
2026-08-24,120250111782470659,[빙과_스틱바_멜론쫀득] 26.06_쫀득바출시_ASC_전환_video_전체타겟_6월 4주차_책상네고/농부대첩,[빙과_스틱바_멜론쫀득] 26.06_쫀득바출시_ASC_전환_video_전체타겟_6월 4주차_책상네고/농부대첩,[26.06]F_V_JD멜_전환_쫀득바출시_신규BP_농부대첩BP_var1.릴스_할인명분.X_2P_김유진_260626_빙과_노현경,12359,343,210844,24,1135,전환
2026-08-24,120250879871970659,[빙과_파인트_말차] 26.07_말차재입고_수동_전환_video_전체타겟,7월 3주차_지인네고형_P말,[26.07]F_V_P말_전환_말차재입고_네고형_지인네고형_var4.릴스_젤라또몽둥이.7월.수민PJ_1P_영상팀_260716_빙과_이수민,4482,71,72404,5,574,전환
2026-08-24,120250885472970659,[빙과_파인트_골키파] 26.07_골키파출시_수동_전환_image_전체타겟,0716_P골,[26.07]F_I_P골_전환_상시__혜택강조형__.배너_다시는없습니다.씨가톡톡씹히는.출시직후매진.뉴질랜드키위.__고가영_260716_빙과_김민우,2005,16,23530,1,0,전환
2026-08-24,120251029630470659,[빙과_파인트_망고] 26.04_망요파출시_수동_전환_video_전체타겟,7월 4주차_바운스번BP_P망,[26.07]F_V_P망_전환_망요파출시_기타_바운스번BP_var1.릴스_이슈.환율.X_2P_이도경_260722_빙과_김지연,3129,73,32029,1,385,전환
2026-08-24,120250719511590659,[빙과_스틱바_듬뿍바] 26.06_듬뿍바출시_ASC_전환_video_전체타겟_7월 2주차_풀리오BP/지인네고,[빙과_스틱바_듬뿍바] 26.06_듬뿍바출시_ASC_전환_video_전체타겟_7월 2주차_풀리오BP/지인네고,[26.07]F_V_DB베_전환_듬뿍바출시이벤트_네고형_지인네고형_var2.릴스_대세감.X_1P_고가영_260710_빙과_이수민,2197,32,38498,1,102,전환
2026-08-24,120250650016510659,[빙과_파인트] 26.04_파인트990원_수동_전환_image_전체타겟,0708_990원_P혼,[26.07]F_I_P말_전환_파인트990원_직원설득형__.배너_메세지테스트.안내문.구매제한.감사한마음.수량제한.5개.__손유곤_260708_빙과_김민우,2288,55,17997,0,0,전환
2026-08-24,120250487255590659,[빙과_스틱바_듬뿍바] 26.05_듬뿍바출시_수동_전환_video_전체타겟,7월 1주차_AI활용_DB베,[26.07]F_V_DB베_전환_듬뿍바출시이벤트_기타_AI활용형_var1.릴스_달리기.백화점.AI건_1P_고가영_260703_빙과_함주현,2018,38,39206,6,54,전환
2026-08-24,120251352787530659,[빙과_파인트] 26.07_재집행_ASC_전환_video_전체타겟_8월 1주차_B2,[빙과_파인트] 26.07_재집행_ASC_전환_video_전체타겟_8월 1주차_B2,[25.08]F_V_P말_전환_넛티초콜릿출시_제품강조형_먹스타.(재)_main.릴스_제품중심후킹._2508KR3_이유빈_250827_2T_홍민석,32071,299,227317,13,801,전환
2026-08-24,120251353172370659,[빙과_파인트] 26.07_재집행_ASC_전환_video_전체타겟_8월 1주차_B3,[빙과_파인트] 26.07_재집행_ASC_전환_video_전체타겟_8월 1주차_B3,[25.07]F_V_P말_전환_멜론바리뉴얼기념_대화형_역네고형.(재)_var2.릴스_조회수200만._2507KR1_이석영_250722_1T_이신규,5461,98,64714,4,725,전환
2026-08-24,120251470127770659,[빙과_파인트_골키파] 26.07_골키파출시_수동_전환_image_전체타겟,0807_100원_P골,[26.07]F_I_P혼_전환_상시__혜택강조형__.배너_죄송합니다.여름한정제품이라.여름과일상큼함.과일보다낮은당류.__이도경_260807_빙과_김민우,17270,159,206910,19,0,전환
2026-08-24,120251484562900659,[빙과_파인트_골키파] 26.08_골키파출시_ASC_전환_video_전체타겟_8월 1주차_취식강조형/역전화네고형,[빙과_파인트_골키파] 26.08_골키파출시_ASC_전환_video_전체타겟_8월 1주차_취식강조형/역전화네고형,[26.08]F_V_P골_전환_골키파출시_네고형_역전화네고형_var1.릴스_혜택.정가강조.8월.수민PJ_파인트P_영상팀_260807_빙과_이수민,544,8,5989,0,38,전환
2026-08-24,120248126973170659,[빙과_스틱바_멜론쫀득] 26.05_쫀득바출시_ASC_전환_video_전체타겟_공구네고형,[스틱바_멜론쫀득] 26.05_쫀득바출시_ASC_전환_video_전체타겟_공구네고형,[26.05]F_V_JD멜_전환_쫀득바출시_네고형_공구네고형_var5.릴스_BP.진수.X_2C_김유진_260529_2T_피재은,20013,461,361046,34,2492,전환
2026-08-24,120249954455120659,[빙과_스틱바_쫀득바] 26.06_쫀득바출시_ASC_전환_video/image_6월 4주차_고효율 재집행,[빙과_스틱바_쫀득바] 26.06_쫀득바출시_ASC_전환_video/image_6월 4주차_고효율 재집행,[26.06]F_I_JD멜_전환_쫀득바출시_혜택강조형_희소성_.배너_판매중단.후숙된찐한멜론맛그대로.공지문.현장감.__문선정_260612_빙과_오형선,13718,364,282682,31,0,전환
2026-08-24,120250354881910659,[빙과_스틱바_멜론쫀득] 26.05_쫀득바출시_수동_전환_image_전체타겟,0630_망고쫀득바/멜론쫀득바,[26.06]F_I_혼합_전환_쫀득바출시_혜택강조형__.배너_리얼쫀득바2종.직원실수.사과문.__김유진_260630_빙과_홍정민,1884,48,46180,3,0,전환
2026-08-24,120250881592360659,[빙과_스틱바_멜론쫀득] 26.07_쫀득바출시_ASC_전환_video_전체타겟_7월 3주차_백정BP,[빙과_스틱바_멜론쫀득] 26.07_쫀득바출시_ASC_전환_video_전체타겟_7월 3주차_백정BP,[26.07]F_V_JD멜_전환_쫀득바출시_기타_백정BP_var4.릴스_OEM.X_2P_김유진_260716_빙과_조의진,10812,358,172970,16,2179,전환
2026-08-24,120251484588320659,[빙과_파인트_골키파] 26.08_골키파출시_ASC_전환_video_전체타겟_8월 1주차_취식강조형/역전화네고형,[빙과_파인트_골키파] 26.08_골키파출시_ASC_전환_video_전체타겟_8월 1주차_취식강조형/역전화네고형,[26.08]F_V_P골_전환_골키파출시_취식강조형_asmr_main.릴스_한정성.8월.수민PJ_파인트P_이도경_260807_빙과_김지연,2589,40,35856,2,102,전환
2026-08-24,120251562255850659,[빙과_파인트] 26.08_재집행_수동_전환_video_남성타겟,8월 2주차_재집행_P복_1,[25.11]F_V_P복_전환_상시_취식강조형_ASMR_main.릴스_토핑+혜택._2511KR0_안예빈_251128_2T_신지우,3375,30,42295,2,107,전환
2026-08-24,120251570800890659,[빙과_파인트] 26.08_재집행_수동_전환_video_남성타겟,8월 2주차_재집행_P초_2,[26.03]F_V_P초_전환_복요파출시_네고형_실수네고형_var3.릴스_살려주세요.03_00_고가영_260320_1T_윤성미,35960,977,615499,47,3537,전환
2026-08-24,120251570815390659,[빙과_파인트] 26.08_재집행_수동_전환_video_남성타겟,8월 2주차_재집행_P초_3,[26.03]F_V_P초_전환_복요파출시_쩜오건_밈활용_var1.릴스_기본.03_00_이봄_260320_1T_이봄1,723,21,15932,0,48,전환
2026-08-24,120251592203600659,[빙과_파인트] 26.04_파인트990원_수동_전환_image_전체타겟,0811_990원_P혼(1),[26.08]F_I_P혼_전환_파인트990원__직원설득형__.배너_공지문.대세감.재입고어렵습니다.지금만나온다는.여름한정셔벗.한정수량.__이도경_260811_빙과_김민우,13476,135,155591,11,0,전환
2026-08-24,120251592347640659,[빙과_파인트] 26.04_파인트990원_수동_전환_image_전체타겟,0811_990원_P혼(2),[26.08]F_I_P혼_전환_파인트990원__혜택강조형__.배너_페인포인트.네고형.지금사면.한달간.젤라또무제한.__이도경_260811_빙과_김민우,1408,18,15355,1,0,전환
2026-08-24,120251626702160659,[빙과_파인트] 26.04_파인트990원_수동_전환_image_전체타겟,0812_990원_P혼,[26.08]F_I_P혼_전환_파인트990원__혜택강조형__.배너_공지문.수량제한.현장감.시즌종료안내.샤베트3종.__이도경_260812_빙과_김민우,715,10,8078,1,0,전환
2026-08-24,120251626704840659,[빙과_파인트] 26.04_파인트990원_수동_전환_image_전체타겟,0812_990원_P혼,[26.08]F_I_P혼_전환_파인트990원__혜택강조형__.배너_수량제한.죄송합니다.결국.주문폭발로.__이도경_260812_빙과_김민우,1731,40,22736,0,0,전환
2026-08-24,120251626793070659,[빙과_파인트_골키파] 26.07_골키파출시_수동_전환_image_전체타겟,0812_100원_P혼,[26.08]F_I_P혼_전환_상시__혜택강조형__.배너_공지문.수량제한.현장감.직원실수.할인가오적용안내.__이도경_260812_빙과_김민우,3436,99,49375,2,0,전환
2026-08-24,120251627091370659,[빙과_파인트_골키파] 26.07_골키파출시_수동_전환_image_전체타겟,0812_100원_P혼,[26.08]F_I_P바_전환_상시__혜택강조형__.배너_혜택희소성.다시는없어요.네고형.여름시즌오프특가.리얼바닐라빈콕콕.__이도경_260812_빙과_김민우,1,0,10,0,0,전환
2026-08-24,120251658334430659,[빙과_파인트_골키파] 26.07_골키파출시_수동_전환_image_전체타겟,0813_100원_P초,[26.08]F_I_P초_전환_상시__제품강조형__.배너_후기형.혈육앞.뚜껑연게실수.젤라또.통째로.__이도경_260813_빙과_김민우,8415,66,83792,5,0,전환
2026-08-24,120251694570510659,[빙과_파인트_골키파] 26.07_골키파출시_수동_전환_video_전체타겟,8월 2주차_지인네고형_P초,[26.08]F_V_P초_전환_골키파출시_네고형_지인네고형_main.릴스_공통.8월.수민PJ_파인트P_이도경_260814_빙과_김지연,6862,70,75007,6,313,전환
2026-08-24,120251694571720659,[빙과_파인트_골키파] 26.08_골키파출시_ASC_전환_video_전체타겟_8월 2주차_지인네고/안다르BP,[빙과_파인트_골키파] 26.08_골키파출시_ASC_전환_video_전체타겟_8월 2주차_지인네고/안다르BP,[26.08]F_V_P초_전환_골키파출시_네고형_지인네고형_main.릴스_공통.8월.수민PJ_파인트P_이도경_260814_빙과_김지연,48348,356,391389,31,1937,전환
2026-08-24,120251694733120659,[빙과_파인트_골키파] 26.08_골키파출시_ASC_전환_video_전체타겟_8월 2주차_인플루언서형,[빙과_파인트_골키파] 26.08_골키파출시_ASC_전환_video_전체타겟_8월 2주차_인플루언서형,[26.08]F_V_P초_전환_골키파출시_신규BP_우베BP_var7.릴스_단종된초베.8월.수민PJ_파인트P_영상팀_260814_빙과_정하얀,9004,84,78732,6,263,전환
2026-08-24,120251696198150659,[빙과_파인트_골키파] 26.07_골키파출시_수동_전환_video_전체타겟,8월 2주차_전화네고형_P혼,[26.08]F_V_P혼_전환_말차재입고_네고형_전화네고형_main.릴스_공통.소비자.8월.수민PJ_파인트P_영상팀_260814_빙과_이수민,1417,23,18553,0,106,전환
2026-08-24,120251696400670659,[빙과_파인트_골키파] 26.08_골키파출시_ASC_전환_video_전체타겟_8월 2주차_지인네고/안다르BP,[빙과_파인트_골키파] 26.08_골키파출시_ASC_전환_video_전체타겟_8월 2주차_지인네고/안다르BP,[26.08]F_V_P말_전환_골키파출시_맛인지형_안다르BP_var2.릴스_말차.시즌종료.8월.수민PJ_파인트P_영상팀_260814_빙과_이수민,47412,439,436852,28,740,전환
2026-08-24,120251696413050659,[빙과_파인트_골키파] 26.08_골키파출시_ASC_전환_video_전체타겟_8월 2주차_지인네고/안다르BP,[빙과_파인트_골키파] 26.08_골키파출시_ASC_전환_video_전체타겟_8월 2주차_지인네고/안다르BP,[26.08]F_V_P말_전환_골키파출시_맛인지형_안다르BP_var3.릴스_말차.쫀득.8월.수민PJ_파인트P_영상팀_260814_빙과_이수민,1339,11,14734,3,21,전환
2026-08-24,120251696467610659,[빙과_파인트_골키파] 26.08_골키파출시_ASC_전환_video_전체타겟_8월 2주차_전화네고/도담우BP,[빙과_파인트_골키파] 26.08_골키파출시_ASC_전환_video_전체타겟_8월 2주차_전화네고/도담우BP,[26.08]F_V_P말_전환_골키파출시_신규BP_도담우 BP_main.릴스_3억.X_스틱바P_영상팀_260814_빙과_노현경,1861,65,32738,0,344,전환
2026-08-24,120251693685550659,[빙과_스틱바_멜론쫀득] 26.05_쫀득바출시_수동_전환_image_전체타겟,260814_기존 고효율 배리,[26.08]F_I_JD멜_전환_상시__혜택강조형__.배너_현장감.공지문.이나연.특가안내.프로슈토급.재고부족.소량재입고.__황경원_260814_빙과_김민우,4341,53,72233,8,0,전환
2026-08-24,120251873181990659,[빙과_스틱바_멜론쫀득] 26.05_쫀득바출시_수동_전환_image_전체타겟,260814_이나연 세트,[26.08]F_I_JD멜_전환_상시__혜택강조형__.릴스_고효율.이나연.럭셔리템권위자.에르메스급.고급.__황경원_260814_빙과_김민우,7430,67,130631,13,246,전환
2026-08-24,120251873185090659,[빙과_스틱바_멜론쫀득] 26.05_쫀득바출시_수동_전환_image_전체타겟,260814_이나연 세트,[26.08]F_I_JD멜_전환_상시__혜택강조형__.배너_고효율.이나연.곧끝난대요.비밀링크.이나연픽캡션.__황경원_260814_빙과_김민우,2695,51,66661,5,0,전환
2026-08-24,120251873190970659,[빙과_스틱바_멜론쫀득] 26.05_쫀득바출시_수동_전환_image_전체타겟,260814_이나연 세트,[26.08]F_I_JD멜_전환_상시__혜택강조형__.배너_고효율.이나연.지금아니면못먹는.내일부터정상가.__황경원_260814_빙과_김민우,448,8,12632,1,0,전환
2026-08-24,120251873236170659,[빙과_스틱바_멜론쫀득] 26.05_쫀득바출시_수동_전환_image_전체타겟,260814_이나연 세트,[26.08]F_I_JD멜_전환_상시__혜택강조형__.릴스_고효율.이나연.매거진.이나연이선택한최상급품종.__황경원_260814_빙과_김민우,1313,12,24167,2,31,전환
2026-08-24,120251873253630659,[빙과_스틱바_멜론쫀득] 26.05_쫀득바출시_수동_전환_image_전체타겟,260814_이나연 세트,[26.08]F_I_JD멜_전환_상시__혜택강조형__.릴스_고효율.이나연.이제일본안가도돼요.칸달로프멜론.__황경원_260814_빙과_김민우,452,5,10389,0,10,전환
2026-08-24,120251878003580659,[빙과_파인트] 26.04_파인트990원_수동_전환_image_전체타겟,0819_파인트990원_고효율,[26.08]F_I_P혼_전환_파인트990원__혜택강조형__.배너_고효율베리.여름끝나기전.즐기세요.젤라또무한.마지막기회.__이도경_260819_빙과_함주현,910,15,10650,1,0,전환
2026-08-24,120251878005170659,[빙과_파인트] 26.04_파인트990원_수동_전환_image_전체타겟,0819_파인트990원_고효율,[26.08]F_I_P혼_전환_파인트990원__혜택강조형__.배너_고효율베리.재고소진.즉시마감.__이도경_260819_빙과_함주현,253,7,3668,0,0,전환
2026-08-24,120251693669170659,[빙과_스틱바_멜론쫀득] 26.05_쫀득바출시_수동_전환_image_전체타겟,260814_기존 고효율 배리,[26.08]F_I_JD멜_전환_상시__혜택강조형__.릴스_고효율.Ai.다시는없어요.안사고버티신분들.__황경원_260814_빙과_김민우,699,8,12662,1,5,전환
2026-08-24,120251693698750659,[빙과_스틱바_멜론쫀득] 26.05_쫀득바출시_수동_전환_image_전체타겟,260814_기존 고효율 배리,[26.08]F_I_JD멜_전환_상시__혜택강조형__.배너_현장감.공지문.재입고안내.멜론바제치고1위.소량재입고.__황경원_260814_빙과_김민우,766,11,13209,0,0,전환
2026-08-24,120251878007280659,[빙과_파인트] 26.04_파인트990원_수동_전환_image_전체타겟,0819_파인트990원_고효율,[26.08]F_I_P혼_전환_파인트990원__혜택강조형__.배너_고효율베리.젤라또처럼쫀득함낮춰.죄책감제로.네고형.__이도경_260819_빙과_함주현,416,4,3640,0,0,전환
2026-08-24,120251878035290659,[빙과_파인트] 26.04_파인트990원_수동_전환_image_전체타겟,0819_파인트990원_신규,[26.08]F_I_P혼_전환_파인트990원__직원설득형__.배너_페인포인트.공지문.제품에대한불신.안녕하세요.당함량낮춘.개발자강조.__이도경_260819_빙과_김민우,1055,23,15681,1,0,전환
2026-08-24,120251878058790659,[빙과_파인트] 26.04_파인트990원_수동_전환_image_전체타겟,0819_파인트990원_신규,[26.08]F_I_P혼_전환_파인트990원__혜택강조형__.배너_페인포인트.소비자리뷰.가격에대한불신.후기가증명하는.한달간즐기는.__이도경_260819_빙과_김민우,50,2,891,0,0,전환
2026-08-24,120251908969360659,[빙과_파인트_골키파] 26.07_골키파출시_수동_전환_video_전체타겟,8월 3주차_올록담BP_P초,[26.08]F_V_P초_전환_골키파출시_신규BP_올록담BP_var3.릴스_어그로.제품력.8월.수민PJ_파인트P_이도경_260820_빙과_이수민,3984,49,47760,2,561,전환
2026-08-24,120251908972710659,[빙과_파인트_골키파] 26.07_골키파출시_수동_전환_video_전체타겟,8월 3주차_마미케어BP_P말,[26.08]F_V_P말_전환_골키파출시_신규BP_마미케어BP_var2.릴스_재입고.8월.수민PJ_파인트P_영상팀_260820_빙과_김지연,978,21,18186,1,31,전환
2026-08-24,120251910456750659,[빙과_파인트] 26.04_파인트990원_수동_전환_image_전체타겟,0820_성분강조,[26.08]F_I_P혼_전환_파인트990원__제품강조형__.배너_성분강조.당독소낮추기위해.당류가5배낮아요.__이도경_260820_빙과_김민우,9691,152,128442,8,0,전환
2026-08-24,120251980419620659,[빙과_파인트_골키파] 26.08_골키파출시_ASC_전환_video_전체타겟_8월 3주차_올록담BP(재),[빙과_파인트_골키파] 26.08_골키파출시_ASC_전환_video_전체타겟_8월 3주차_올록담BP(재),[26.08]F_V_P초_전환_골키파출시_신규BP_올록담BP_var4.릴스_성분.8월.수민PJ_파인트P_이도경_260820_빙과_이수민,63,5,1186,0,5,전환
2026-08-24,120251980419630659,[빙과_파인트_골키파] 26.08_골키파출시_ASC_전환_video_전체타겟_8월 3주차_올록담BP(재),[빙과_파인트_골키파] 26.08_골키파출시_ASC_전환_video_전체타겟_8월 3주차_올록담BP(재),[26.08]F_V_P초_전환_골키파출시_신규BP_올록담BP_var1.릴스_공통.숏.8월.수민PJ_파인트P_이도경_260820_빙과_이수민,15,0,125,0,1,전환
2026-08-24,120251980419640659,[빙과_파인트_골키파] 26.08_골키파출시_ASC_전환_video_전체타겟_8월 3주차_올록담BP(재),[빙과_파인트_골키파] 26.08_골키파출시_ASC_전환_video_전체타겟_8월 3주차_올록담BP(재),[26.08]F_V_P초_전환_골키파출시_신규BP_올록담BP_main.릴스_공통.8월.수민PJ_파인트P_이도경_260820_빙과_이수민,296,6,3694,0,17,전환
2026-08-24,120251980419650659,[빙과_파인트_골키파] 26.08_골키파출시_ASC_전환_video_전체타겟_8월 3주차_올록담BP(재),[빙과_파인트_골키파] 26.08_골키파출시_ASC_전환_video_전체타겟_8월 3주차_올록담BP(재),[26.08]F_V_P초_전환_골키파출시_신규BP_올록담BP_var3.릴스_어그로.제품력.8월.수민PJ_파인트P_이도경_260820_빙과_이수민,1737,16,17270,1,233,전환
2026-08-24,120251980419660659,[빙과_파인트_골키파] 26.08_골키파출시_ASC_전환_video_전체타겟_8월 3주차_올록담BP(재),[빙과_파인트_골키파] 26.08_골키파출시_ASC_전환_video_전체타겟_8월 3주차_올록담BP(재),[26.08]F_V_P초_전환_골키파출시_신규BP_올록담BP_var2.릴스_어그로.유사품.8월.수민PJ_파인트P_이도경_260820_빙과_이수민,1571,16,13923,0,279,전환
2026-08-24,120251980484870659,[빙과_파인트_골키파] 26.08_골키파출시_ASC_전환_video_전체타겟_8월 3주차_전라도청년/마미케어BP(재),[빙과_파인트_골키파] 26.08_골키파출시_ASC_전환_video_전체타겟_8월 3주차_전라도청년/마미케어BP(재),[26.08]F_V_P바_전환_골키파출시_네고형_전라도청년BP_var3.릴스_100원혜택.X_파인트P_영상팀_260821_빙과_정하얀,120,2,1067,0,12,전환
2026-08-24,120251980484920659,[빙과_파인트_골키파] 26.08_골키파출시_ASC_전환_video_전체타겟_8월 3주차_전라도청년/마미케어BP(재),[빙과_파인트_골키파] 26.08_골키파출시_ASC_전환_video_전체타겟_8월 3주차_전라도청년/마미케어BP(재),[26.08]F_V_P바_전환_골키파출시_네고형_전라도청년BP_var2.릴스_시어머니분노.X_파인트P_영상팀_260821_빙과_정하얀,1963,34,15039,0,650,전환
2026-08-24,120251982921880659,[빙과_파인트_골키파] 26.07_골키파출시_수동_전환_video_전체타겟,8월 2주차_전화네고형_P혼,[26.08]F_V_P혼_전환_골키파출시_네고형_전화네고형_var5.릴스_초나숲맛비.(재).8월.수민PJ_파인트P_영상팀_260824_빙과_이수민,2398,31,27515,2,157,전환
2026-08-24,120248126973940659,[빙과_스틱바_멜론쫀득] 26.05_쫀득바출시_ASC_전환_video_전체타겟_공구네고형,[스틱바_멜론쫀득] 26.05_쫀득바출시_ASC_전환_video_전체타겟_공구네고형,[26.05]F_V_JD멜_전환_쫀득바출시_네고형_공구네고형_var4.릴스_에르메스.진수.X_2C_김유진_260529_2T_피재은,2227,44,44614,3,99,전환
2026-08-24,120251929030420659,[빙과_스틱바_멜론쫀득] 26.05_쫀득바출시_수동_전환_video_전체타겟,[26.08] 4050 아빠 유행템_전환 재편집_노현경,[26.08]F_V_JD멜_전환_쫀득바출시_인물리뷰형_4050대세감_var1.렉카_입맛.(재)_스틱바P_황경원_260821_빙과_노현경,19,0,428,0,0,전환
2026-08-24,120251980484880659,[빙과_파인트_골키파] 26.08_골키파출시_ASC_전환_video_전체타겟_8월 3주차_전라도청년/마미케어BP(재),[빙과_파인트_골키파] 26.08_골키파출시_ASC_전환_video_전체타겟_8월 3주차_전라도청년/마미케어BP(재),[26.08]F_V_P바_전환_골키파출시_네고형_전라도청년BP_var4.릴스_취식.X_파인트P_영상팀_260821_빙과_정하얀,7,0,68,0,0,전환
2026-08-24,120251980484890659,[빙과_파인트_골키파] 26.08_골키파출시_ASC_전환_video_전체타겟_8월 3주차_전라도청년/마미케어BP(재),[빙과_파인트_골키파] 26.08_골키파출시_ASC_전환_video_전체타겟_8월 3주차_전라도청년/마미케어BP(재),[26.08]F_V_P바_전환_골키파출시_네고형_전라도청년BP_main.릴스_롱버전.X_파인트P_영상팀_260821_빙과_정하얀,5,0,32,0,1,전환
2026-08-24,120251980484910659,[빙과_파인트_골키파] 26.08_골키파출시_ASC_전환_video_전체타겟_8월 3주차_전라도청년/마미케어BP(재),[빙과_파인트_골키파] 26.08_골키파출시_ASC_전환_video_전체타겟_8월 3주차_전라도청년/마미케어BP(재),[26.08]F_V_P바_전환_골키파출시_네고형_전라도청년BP_var5.릴스_맛비주얼.X_파인트P_영상팀_260821_빙과_정하얀,299,3,2821,0,27,전환
2026-08-24,120251980487400659,[빙과_파인트_골키파] 26.08_골키파출시_ASC_전환_video_전체타겟_8월 3주차_전라도청년/마미케어BP(재),[빙과_파인트_골키파] 26.08_골키파출시_ASC_전환_video_전체타겟_8월 3주차_전라도청년/마미케어BP(재),[26.08]F_V_P말_전환_골키파출시_신규BP_마미케어BP_var2.릴스_재입고.8월.수민PJ_파인트P_영상팀_260820_빙과_김지연,21,1,497,0,2,전환
2026-08-24,120251980487410659,[빙과_파인트_골키파] 26.08_골키파출시_ASC_전환_video_전체타겟_8월 3주차_전라도청년/마미케어BP(재),[빙과_파인트_골키파] 26.08_골키파출시_ASC_전환_video_전체타겟_8월 3주차_전라도청년/마미케어BP(재),[26.08]F_V_P말_전환_골키파출시_신규BP_마미케어BP_var1.릴스_쫀쫀.8월.수민PJ_파인트P_영상팀_260820_빙과_김지연,8,1,166,0,1,전환
2026-08-24,120251980487420659,[빙과_파인트_골키파] 26.08_골키파출시_ASC_전환_video_전체타겟_8월 3주차_전라도청년/마미케어BP(재),[빙과_파인트_골키파] 26.08_골키파출시_ASC_전환_video_전체타겟_8월 3주차_전라도청년/마미케어BP(재),[26.08]F_V_P말_전환_골키파출시_신규BP_마미케어BP_main.릴스_공통.8월.수민PJ_파인트P_영상팀_260820_빙과_김지연,7,0,69,0,0,전환
2026-08-24,120250354858530659,[빙과_스틱바_멜론쫀득] 26.05_쫀득바출시_수동_전환_image_전체타겟,0630_망고쫀득바/멜론쫀득바,[26.06]F_I_혼합_전환_쫀득바출시_혜택강조형__.배너_리얼쫀득바2종.직원실수.가격실수안내.노을멜론.망고젤리.__김유진_260630_빙과_홍정민,8,0,91,1,0,전환
2026-08-24,120250881581830659,[빙과_스틱바_멜론쫀득] 26.05_쫀득바출시_수동_전환_video_전체타겟,7월 3주차_백정BP_JD멜,[26.07]F_V_JD멜_전환_쫀득바출시_기타_백정BP_var4.릴스_OEM.X_2P_김유진_260716_빙과_조의진,42264,1115,591227,54,7987,전환
2026-08-24,120251928628180659,[빙과_파인트] 26.04_파인트990원_수동_전환_image_전체타겟,0821_성분강조,[26.08]F_I_P혼_전환_파인트990원__제품강조형__.배너_성분강조.공지문.당걱정없이드세요.높은당함량문제.__이도경_260821_빙과_김민우,278,8,3379,0,0,전환
2026-08-24,120251928632800659,[빙과_파인트] 26.04_파인트990원_수동_전환_image_전체타겟,0821_성분강조,[26.08]F_I_P혼_전환_파인트990원__제품강조형__.배너_성분강조.다이어트중인데.자꾸단게당긴다면.부담없이.__이도경_260821_빙과_김민우,510,5,7285,0,0,전환
2026-08-24,120251928636720659,[빙과_파인트] 26.04_파인트990원_수동_전환_image_전체타겟,0821_성분강조,[26.08]F_I_P혼_전환_파인트990원__제품강조형__.배너_성분강조.당걱정없이마음껏.걱정없는당중독.__이도경_260821_빙과_김민우,1413,16,19575,0,0,전환
2026-08-24,120251928640820659,[빙과_파인트] 26.04_파인트990원_수동_전환_image_전체타겟,0821_성분강조,[26.08]F_I_P혼_전환_파인트990원__제품강조형__.배너_성분강조.당죽독인요즘사람들이.집착하는이유.__이도경_260821_빙과_김민우,1047,18,18093,1,0,전환
2026-08-24,120251928650990659,[빙과_파인트] 26.04_파인트990원_수동_전환_image_전체타겟,0821_성분강조,[26.08]F_I_P혼_전환_파인트990원__제품강조형__.배너_성분강조.소비자리뷰.제품후기컷.이제는당걱정없이.마음껏먹어요.__이도경_260821_빙과_김민우,351,2,5284,0,0,전환
2026-08-24,120251929015900659,[빙과_스틱바_멜론쫀득] 26.05_쫀득바출시_수동_전환_video_전체타겟,[26.08] 4050 아빠 유행템_전환 재편집_노현경,[26.08]F_V_JD멜_전환_쫀득바출시_인물리뷰형_4050대세감_main.렉카_아빠가 사달라.(재)_스틱바P_황경원_260821_빙과_노현경,1128,14,25154,2,86,전환
2026-08-24,120251693674520659,[빙과_스틱바_멜론쫀득] 26.05_쫀득바출시_수동_전환_image_전체타겟,260814_기존 고효율 배리,[26.08]F_I_JD멜_전환_상시__혜택강조형__.배너_고효율.이나연.곧끝난대요.비밀링크.__황경원_260814_빙과_김민우,209,3,4375,0,0,전환
2026-08-24,120251928713490659,[빙과_파인트_골키파] 26.07_골키파출시_수동_전환_image_전체타겟,0821_성분강조_100원,[26.08]F_I_P혼_전환_상시__제품강조형__.배너_성분강조.공지문.당걱정없이드세요.높은당함량문제.__이도경_260821_빙과_김민우,85,1,1938,0,0,전환
2026-08-24,120251928720560659,[빙과_파인트_골키파] 26.07_골키파출시_수동_전환_image_전체타겟,0821_성분강조_100원,[26.08]F_I_P혼_전환_상시__제품강조형__.배너_성분강조.다이어트중인데.자꾸단게당긴다면.부담없이.__이도경_260821_빙과_김민우,142,2,2754,0,0,전환
2026-08-24,120251928724060659,[빙과_파인트_골키파] 26.07_골키파출시_수동_전환_image_전체타겟,0821_성분강조_100원,[26.08]F_I_P혼_전환_상시__제품강조형__.배너_성분강조.당걱정없이마음껏.걱정없는당중독.__이도경_260821_빙과_김민우,1188,12,21253,1,0,전환
2026-08-24,120251928727050659,[빙과_파인트_골키파] 26.07_골키파출시_수동_전환_image_전체타겟,0821_성분강조_100원,[26.08]F_I_P혼_전환_상시__제품강조형__.배너_성분강조.당죽독인요즘사람들이.집착하는이유.__이도경_260821_빙과_김민우,552,9,10807,0,0,전환
2026-08-24,120251928734130659,[빙과_파인트_골키파] 26.07_골키파출시_수동_전환_image_전체타겟,0821_성분강조_100원,[26.08]F_I_P혼_전환_상시__제품강조형__.배너_성분강조.소비자리뷰.제품후기컷.당류도5배이상낮고.__이도경_260821_빙과_김민우,426,6,5603,0,0,전환
2026-08-24,120251928744310659,[빙과_파인트_골키파] 26.07_골키파출시_수동_전환_image_전체타겟,0821_성분강조_100원,[26.08]F_I_P혼_전환_상시__제품강조형__.배너_성분강조.소비자리뷰.제품후기컷.이제는당걱정없이.마음껏먹어요.__이도경_260821_빙과_김민우,44,1,766,0,0,전환
2026-08-24,120251929031130659,[빙과_스틱바_멜론쫀득] 26.08_쫀득바출시_ASC_전환_image_전체타겟_재입고,[멜론쫀득바] 26.08_쫀득바출시_ASC_전환_video_전체타겟_아빠유행템,[26.08]F_V_JD멜_전환_쫀득바출시_인물리뷰형_4050대세감_var1.렉카_입맛.(재)_스틱바P_황경원_260821_빙과_노현경,4,0,31,0,0,전환
2026-08-24,120251929066980659,[빙과_스틱바_멜론쫀득] 26.08_쫀득바출시_ASC_전환_image_전체타겟_재입고,[멜론쫀득바] 26.08_쫀득바출시_ASC_전환_video_전체타겟_아빠유행템,[26.08]F_V_JD멜_전환_쫀득바출시_인물리뷰형_4050대세감_var3.렉카_트민남.(재)_스틱바P_황경원_260821_빙과_노현경,84,0,1186,0,5,전환
2026-08-24,120251930776370659,[빙과_파인트_골키파] 26.07_골키파출시_수동_전환_video_전체타겟,8월 3주차_전라도청년BP_P바,[26.08]F_V_P바_전환_골키파출시_네고형_전라도청년BP_main.릴스_롱버전.X_파인트P_영상팀_260821_빙과_정하얀,67,2,808,0,10,전환
2026-08-24,120251930812140659,[빙과_파인트_골키파] 26.07_골키파출시_수동_전환_video_전체타겟,8월 3주차_전라도청년BP_P바,[26.08]F_V_P바_전환_골키파출시_네고형_전라도청년BP_var1.릴스_숏버전.X_파인트P_영상팀_260821_빙과_정하얀,9,0,140,0,0,전환
2026-08-24,120251930850820659,[빙과_파인트_골키파] 26.07_골키파출시_수동_전환_video_전체타겟,8월 3주차_전라도청년BP_P바,[26.08]F_V_P바_전환_골키파출시_네고형_전라도청년BP_var2.릴스_시어머니분노.X_파인트P_영상팀_260821_빙과_정하얀,45657,945,491255,31,12678,전환
2026-08-24,120251930904770659,[빙과_파인트_골키파] 26.07_골키파출시_수동_전환_video_전체타겟,8월 3주차_전라도청년BP_P바,[26.08]F_V_P바_전환_골키파출시_네고형_전라도청년BP_var4.릴스_취식.X_파인트P_영상팀_260821_빙과_정하얀,818,12,10280,1,62,전환
2026-08-24,120247128148500252,[빙과_쫀득바] 인지광고_조회_26.06_video,[망고] 6월 4주차_꼬막BP,[26.06]F_V_JD망_인지_쫀득바출시_맛인지형_꼬막BP_var1.릴스_취식먼저.X_1P_김유진_260626_빙과_정하얀,2,0,5,0,0,인지
2026-08-24,120247897784540252,[빙과_쫀득바] 인지광고_조회_26.06_video,7월 4주차_요한_바이럴(1)_JD멜,[26.07]F_V_JD멜_인지_쫀득바출시_바이럴형_정보전달형_main.렉카_건희소스활용.X_1P_김유진_260721_빙과_정요한,1,0,1,0,0,인지
2026-08-24,120248176468150252,[빙과_쫀득바] 인지광고_잠재고객_26.08_video,8월 1주차_인물리뷰형(하몽레시피)_JD멜,[26.07]F_V_JD멜_인지_쫀득바출시_인물리뷰형_이나연하몽레시피_var1.릴스_공주컨셉.X_1P_김유진_260731_빙과_정하얀,130,0,88,42,42,인지
2026-08-24,120248176468180252,[빙과_쫀득바] 인지광고_잠재고객_26.08_video,0731_수현_바이럴(4)_JD멜,[26.07]F_V_JD멜_인지_쫀득바출시_바이럴형_댓글반응_main.릴스_이나연.맛강조.X_1P_황경원_260731_빙과_이수현,98,0,60,26,26,인지
2026-08-24,120248176468190252,[빙과_쫀득바] 인지광고_잠재고객_26.08_video,0728_영현_바이럴(1)_JD멜,[26.07]F_V_JD멜_인지_쫀득바출시_바이럴형_정보전달형_main.릴스_이나연.호텔대신편의점.X_2P_문선정_260728_빙과_유영현,107,0,68,27,27,인지
2026-08-24,120248176468270252,[빙과_쫀득바] 인지광고_잠재고객_26.08_video,0731_수현_바이럴(3)_JD멜,[26.07]F_V_JD멜_인지_쫀득바출시_바이럴형_댓글반응_main.릴스_이나연.고급강조.X_1P_김유진_260731_빙과_이수현,92,0,67,20,20,인지
2026-08-24,120248176657350252,[빙과_쫀득바] 인지광고_인지도_26.08_video,0731_수현_바이럴(4)_JD멜,[26.07]F_V_JD멜_인지_쫀득바출시_바이럴형_댓글반응_main.릴스_이나연.맛강조.X_1P_김유진_260731_빙과_이수현,183,0,127,55,55,인지
2026-08-24,120248176657380252,[빙과_쫀득바] 인지광고_인지도_26.08_video,0728_영현_바이럴(1)_JD멜,[26.07]F_V_JD멜_인지_쫀득바출시_바이럴형_정보전달형_main.릴스_이나연.호텔대신편의점.X_2P_문선정_260728_빙과_유영현,145,0,103,34,34,인지
2026-08-24,120248176657400252,[빙과_쫀득바] 인지광고_인지도_26.08_video,0729_현경_바이럴(2)_JD멜,[26.07]F_V_JD멜_인지_쫀득바출시_바이럴형_정보전달형_main.릴스_이나연.고급소비.논란.X_2P_황경원_260729_빙과_노현경,42,0,40,11,11,인지
2026-08-24,120248211087430252,[빙과_쫀득바] 인지광고_조회_26.08_video,0728_영현_바이럴(1)_JD멜,[26.07]F_V_JD멜_인지_쫀득바출시_바이럴형_정보전달형_main.릴스_이나연.호텔대신편의점.X_2P_황경원_260728_빙과_유영현,22,0,19,10,10,인지
2026-08-24,120248318361260252,[빙과_쫀득바] 인지광고_조회_26.08_video,0728_영현_바이럴(1)_JD멜,클릭유도형_자동화데모_0807,13,0,12,2,2,인지
2026-08-24,120248339060530252,[빙과_쫀득바] 인지광고_인지도_26.08_video,0807_수현_바이럴(1)_JD멜,[26.08]F_V_JD멜_인지_쫀득바출시_바이럴형_정보전달형_main.릴스_이나연.해외선망성.X_스틱바P_이재원_260807_빙과_이수현,2,0,1,0,0,인지
2026-08-24,120248339331220252,[빙과_쫀득바] 인지광고_잠재고객_26.08_video,0807_수현_바이럴(2)_JD멜,[26.08]F_V_JD멜_인지_쫀득바출시_바이럴형_정보전달형_main.릴스_이나연.럭셔리템.권위자.X_스틱바P_이재원_260807_빙과_이수현,1,0,0,0,0,인지
2026-08-24,120248583592460252,[빙과_쫀득바] 인지광고_조회_26.06_video,무디_파트너십광고PA,cmonprefere__k,35,0,62,35,35,인지
2026-08-24,120248584705740252,[빙과_쫀득바] 인지광고_인지도_26.08_video,무디_파트너십광고PA,kdaaeng,35,0,71,32,32,인지
2026-08-24,120248584705780252,[빙과_쫀득바] 인지광고_인지도_26.08_video,무디_파트너십광고PA,eunbynko,58,0,283,54,54,인지
2026-08-24,120248584755410252,[빙과_쫀득바] 인지광고_잠재고객_26.08_video,무디_파트너십광고PA,cmonprefere__k,74,0,202,74,74,인지
2026-08-24,120248584774240252,[빙과_쫀득바] 인지광고_조회_26.08_video,무디_파트너십광고PA,suj_43,2,0,2,1,1,인지
2026-08-24,120248584774260252,[빙과_쫀득바] 인지광고_조회_26.08_video,무디_파트너십광고PA,unyouu,1,0,2,1,1,인지
2026-08-24,120248584774310252,[빙과_쫀득바] 인지광고_조회_26.08_video,무디_파트너십광고PA,kdaaeng,27,0,108,27,27,인지
2026-08-24,120248584795910252,[빙과_쫀득바] 인지광고_트래픽_26.08_video,무디_파트너십광고PA,suj_43,1,0,0,0,0,인지
2026-08-24,120248595411920252,[빙과_쫀득바] 인지광고_인지도_26.08_video,무디_파트너십광고PA,s_eo__fit,1,0,2,0,0,인지
2026-08-24,120248595411930252,[빙과_쫀득바] 인지광고_인지도_26.08_video,무디_파트너십광고PA,leem_life,1,0,0,0,0,인지
2026-08-24,120248600308530252,[빙과_쫀득바] 인지광고_조회_26.08_video,7월 4주차_요한_바이럴(1)_JD멜,[26.07]F_V_JD멜_인지_쫀득바출시_바이럴형_정보전달형_main.렉카_건희소스활용.X_1P_김유진_260721_빙과_정요한,1,0,0,0,0,인지
2026-08-24,120248600308690252,[빙과_쫀득바] 인지광고_조회_26.08_video,0724_온드_비하인드(1)_JD멜,[26.07]F_V_JD멜_인지_쫀득바출시_신규BP_비하인드 다큐_main.렉카_멜쫀바폐기.X_2P_문선정_260724_빙과_노현경,3,0,3,2,2,인지
2026-08-24,120248600308700252,[빙과_쫀득바] 인지광고_조회_26.08_video,0724_수현_바이럴(5)_JD멜,[26.07]F_V_JD멜_인지_쫀득바출시_바이럴형_썰풀기형_main.릴스_하몽슈기.X_1P_김유진_260724_빙과_이수현,1,0,1,1,1,인지
2026-08-24,120248620259180252,[빙과_쫀득바] 인지광고_트래픽_26.08_video,[멜론] 7월 1주차_1위단독,[26.07]F_V_JD멜_인지_쫀득바출시_바이럴형_커뮤니티형_main.릴스_중소기업.쉬었음청년.X_1P_문선정_260702_빙과_김진수,1,0,1,1,1,인지
2026-08-24,120248620259430252,[빙과_쫀득바] 인지광고_트래픽_26.08_video,7월 4주차_요한_바이럴(2)_JD멜,[26.07]F_V_JD멜_인지_쫀득바출시_바이럴형_커뮤니티형_main.렉카_슈기.슈기활용.X_1P_김유진_260722_빙과_정요한,1,0,1,0,0,인지
2026-08-24,120248620306050252,[빙과_쫀득바] 인지광고_잠재고객_26.08_video,0724_온드_비하인드(1)_JD멜,[26.07]F_V_JD멜_인지_쫀득바출시_신규BP_비하인드 다큐_main.렉카_멜쫀바폐기.X_2P_문선정_260724_빙과_노현경,1,0,1,1,1,인지
