소재명,youtube_link
(광고) GS25에 납작복숭아 뺨치는 아이스크림 신상 나왔어요!!! 무려 그릭복숭아쫀득바..이거 진짜 맛있음 ㅠㅜㅜㅜㅜ❤️❤️달콤하고 진한 복숭아맛 샤베트에 생그릭요거트 들.mp4,https://www.youtube.com/watch?v=uZvKLNyXdNM
(운영X) 26 07F V JD멜 인지 쫀득바출시 바이럴형 렉카형 main 렉카 슈기 슈기유행 1세대먹방 X 1P 영상팀 260715 빙과 정요한,https://www.youtube.com/watch?v=1Ycd7Srlqkg
(운영X) 26 07F V JD멜 인지 쫀득바출시 바이럴형 렉카형 main 릴스 슈기O X 1P 문선정 260710 빙과 김진수,https://www.youtube.com/watch?v=jUps2plmjg8
(운영X) 26 07F V JD멜 인지 쫀득바출시 바이럴형 렉카형 var3 렉카 슈기 슈기유행 커뮤에서난리난 X 1P 영상팀 260715 빙과 정요한,https://www.youtube.com/watch?v=zCBxFGFWLOg
(운영X) 26 07F V JD멜 인지 쫀득바출시 바이럴형 렉카형 var4 렉카 슈기 회사 판매중단 X 1P 영상팀 260715 빙과 정요한,https://www.youtube.com/watch?v=7BSj8y-CC00
(운영X) 26 07F V JD멜 인지 쫀득바출시 바이럴형 렉카형 var5 렉카 슈기 회사 개싸움 X 1P 영상팀 260715 빙과 정요한,https://www.youtube.com/watch?v=AcLbTAW6Eb8
(운영X) 26 07F V JD멜 인지 쫀득바출시 바이럴형 렉카형 var6 렉카 슈기 초딩 학부모진상 X 1P 영상팀 260715 빙과 정요한,https://www.youtube.com/watch?v=bUWz22YrMwM
(운영X) 26 07F V JD멜 인지 쫀득바출시 바이럴형 렉카형 var7 렉카 슈기 초딩 잼민이환장 X 1P 영상팀 260715 빙과 정요한,https://www.youtube.com/watch?v=5a1CyLvsZ7E
(운영X) 26 07F V JD멜 인지 쫀득바출시 인물리뷰형 관계강조형 var6 릴스 하몽 슈기 X 1P 김유진 260710 빙과 이수현,https://www.youtube.com/watch?v=qGvO7QbPOqM
(운영X) 26 07F V JD멜 인지 쫀득바출시 인물리뷰형 누나동생 var3 릴스 슈기먹방러 X 2P 문선정 260710 빙과 유영현,https://www.youtube.com/watch?v=8nIYJe8_B-w
(운영X) [26.07]F_V_JD멜_인지_쫀득바출시_기타_백정BP_var1.릴스_슈기.X_2P_김유진_260720_빙과_조의진,https://www.youtube.com/watch?v=gS_KNhNseaY
(운영X) [26.07]F_V_JD멜_인지_쫀득바출시_바이럴형_썰풀기형_main.렉카_슈기.건희.집단활용.직원들만못사먹는.X_1P_김유진_260723_빙과_정요한,https://www.youtube.com/watch?v=C7s3yAj5dgU
(운영X) [26.07]F_V_JD멜_인지_쫀득바출시_바이럴형_썰풀기형_main.릴스_하몽슈기.X_1P_김유진_260724_빙과_이수현,https://www.youtube.com/watch?v=3W4F95KWBEw
(운영X) [26.07]F_V_JD멜_인지_쫀득바출시_바이럴형_썰풀기형_var2.렉카_슈기.건희.집단활용.작은공.X_1P_김유진_260723_빙과_정요한,https://www.youtube.com/watch?v=rMB0eEMHzVk
(운영X) [26.07]F_V_JD멜_인지_쫀득바출시_바이럴형_정보전달형_main.렉카_슈기.건희.아이돌보다영향력쎈슈기.X_1P_김유진_260723_빙과_정요한,https://www.youtube.com/watch?v=CNmVtExSzLM
(운영X) [26.07]F_V_JD멜_인지_쫀득바출시_바이럴형_정보전달형_main.릴스_이나연.고급소비.논란.X_2P_김유진_260729_빙과_노현경,https://www.youtube.com/watch?v=yF_8TqzUd6M
(운영X) [26.07]F_V_JD멜_인지_쫀득바출시_바이럴형_커뮤니티형_main.렉카_슈기.슈기활용.X_1P_김유진_260722_빙과_정요한,https://www.youtube.com/watch?v=cMfsFtu0g7Q
(운영X) [26.07]F_V_JD멜_인지_쫀득바출시_신규BP_육아bp_var3.릴스_슈기.X_2P_문선정_260716_빙과_이하림,https://www.youtube.com/watch?v=Ouv84JRlyrU
(운영X) [26.08]F_V_JD멜_인지_쫀득바출시_바이럴형_정보전달형_main.릴스_이나연.갓생.반응.X_스틱바P_이재원_260813_빙과_유영현,https://www.youtube.com/watch?v=BFyU0ATypBg
(운영X) [26.08]F_V_JD멜_인지_쫀득바출시_바이럴형_정보전달형_main.릴스_이나연.갓생.오픈런.X_스틱바P_이재원_260813_빙과_유영현,https://www.youtube.com/watch?v=lhAqlr0YOEQ
(운영X) [26.08]F_V_JD멜_인지_쫀득바출시_바이럴형_정보전달형_main.릴스_이나연.난리난회사.X_스틱바P_이재원_260813_빙과_이하림,https://www.youtube.com/watch?v=Tu7BDvNS5os
(운영X) [26.08]F_V_JD멜_인지_쫀득바출시_바이럴형_정보전달형_main.릴스_이나연.대통합.희두나연.X_스틱바P_이재원_260813_빙과_이하림,https://www.youtube.com/watch?v=A1CAjNq9HTI
(운영X) [26.08]F_V_JD멜_인지_쫀득바출시_바이럴형_정보전달형_main.릴스_이나연.오마카세.X_스틱바P_이재원_260814_빙과_이하림,https://www.youtube.com/watch?v=_uDf2R5afEY
(운영X) [26.08]F_V_JD멜_인지_쫀득바출시_바이럴형_정보전달형_main.릴스_이나연.자기관리.마운자로.X_스틱바P_이재원_260813_빙과_유영현,https://www.youtube.com/watch?v=PG3lN4Nl2Xw
(운영X) [26.08]F_V_JD멜_인지_쫀득바출시_바이럴형_정보전달형_main.릴스_이나연미슐랭1.X_스틱바P_이재원_260813_빙과_이하림,https://www.youtube.com/watch?v=hX6h1iFVzbg
(운영X) [26.08]F_V_JD멜_인지_쫀득바출시_바이럴형_커뮤니티형_main.릴스_이나연.자기관리.15kg.X_스틱바P_이재원_260813_빙과_유영현,https://www.youtube.com/watch?v=RNhNLOCJpn4
26 07F V JD멜 인지 쫀득바출시 기타 AI활용형 main 릴스 실수네고형 원재료발주 본론 AI건 1P 문선정 260710 빙과 강다빈,https://www.youtube.com/watch?v=F3VyfNiHKUc
26 07F V JD멜 인지 쫀득바출시 기타 AI활용형 var1 릴스 실수네고형 원재료발주 혼쭐후킹 AI건 1P 문선정 260710 빙과 강다빈,https://www.youtube.com/watch?v=PlSkopUMVWg
26 07F V JD멜 인지 쫀득바출시 바이럴형 썰풀기형 main 릴스 숏버전 X 1P 문선정 260710 빙과 김진수,https://www.youtube.com/watch?v=k-78Ar_0Js0
26 07F V JD멜 인지 쫀득바출시 바이럴형 썰풀기형 var1 릴스 롱버전 X 1P 문선정 260710 빙과 김진수,https://www.youtube.com/watch?v=n9PgqHzNb7M
26 07F V JD멜 인지 쫀득바출시 인물리뷰형 관계강조형 main 릴스 본론 X 1P 김유진 260710 빙과 이수현,https://www.youtube.com/watch?v=VunuFJHxmes
26 07F V JD멜 인지 쫀득바출시 인물리뷰형 관계강조형 var1 릴스 치즈칩 X 1P 김유진 260710 빙과 이수현,https://www.youtube.com/watch?v=jFO-zrS6VMU
26 07F V JD멜 인지 쫀득바출시 인물리뷰형 관계강조형 var3 릴스 1등소구 X 1P 김유진 260710 빙과 이수현,https://www.youtube.com/watch?v=CRU4vZCNIWA
26 07F V JD멜 인지 쫀득바출시 인물리뷰형 관계강조형 var4 릴스 흔한남매 X 1P 김유진 260710 빙과 이수현,https://www.youtube.com/watch?v=QX75y1kRf68
26 07F V JD멜 인지 쫀득바출시 인물리뷰형 관계강조형 var5 릴스 하몽 당황 X 1P 김유진 260710 빙과 이수현,https://www.youtube.com/watch?v=vQG6OliErZk
26 07F V JD멜 인지 쫀득바출시 인물리뷰형 관계강조형 var7 릴스 하몽 레시피 X 1P 김유진 260710 빙과 이수현,https://www.youtube.com/watch?v=2kyTKuHkLj0
26 07F V JD멜 인지 쫀득바출시 인물리뷰형 누나동생 main 릴스 버스타고 X 2P 문선정 260710 빙과 유영현,https://www.youtube.com/watch?v=_h8b6XDrSG4
26 07F V JD멜 인지 쫀득바출시 인물리뷰형 누나동생 var1 릴스 하나사려고 X 2P 문선정 260710 빙과 유영현,https://www.youtube.com/watch?v=7HtuIczY-Bo
26 07F V JD멜 인지 쫀득바출시 인물리뷰형 누나동생 var2 릴스 동생난리 X 2P 문선정 260710 빙과 유영현,https://www.youtube.com/watch?v=3k-x8cRi12U
26 07F V JD멜 인지 쫀득바출시 인물리뷰형 인물리뷰 main 릴스 현장 X 2P 영상팀 260710 빙과 노현경,https://www.youtube.com/watch?v=YC7A3vRlfX8
26 07F V JD멜 인지 쫀득바출시 인물리뷰형 인물리뷰 var1 릴스 나레이션 X 2P 영상팀 260710 빙과 노현경,https://www.youtube.com/watch?v=QZuD1nEV1ow
26 07F V JD멜 인지 쫀득바출시 일상반응형 누나동생 main 릴스 며칠전 X 2P 문선정 260710 빙과 유영현,https://www.youtube.com/watch?v=ARwsH7NcsOk
26 07F V JD멜 인지 쫀득바출시 일상반응형 누나동생 var1 릴스 시무룩 X 2P 문선정 260710 빙과 유영현,https://www.youtube.com/watch?v=Ixa-ZWThDQo
26 07F V JD멜 인지 쫀득바출시 일상반응형 누나동생 var2 릴스 틱톡먹방 X 2P 문선정 260710 빙과 유영현,https://www.youtube.com/watch?v=km8EqcYrA0A
26 07F V JD멜 인지 쫀득바출시 일상반응형 누나동생 var3 릴스 세대변화 X 2P 문선정 260710 빙과 유영현,https://www.youtube.com/watch?v=VMjqwecXdh4
26 07F V JD멜 인지 쫀득바출시 일상반응형 누나동생 var5 릴스 황치즈 X 2P 문선정 260710 빙과 유영현,https://www.youtube.com/watch?v=iUJvP3_1mVM
26 07F V JD멜 인지 쫀득바출시 일상반응형 지인대화 var4 릴스 공통 X 1P 영상팀 260710 빙과 정요한,https://www.youtube.com/watch?v=s3oo1-zCZj4
26 07F V JD멜 인지 쫀득바출시 일상반응형 지인대화 var5 릴스 축약 X 1P 영상팀 260710 빙과 정요한,https://www.youtube.com/watch?v=NxIYG6f1F98
26 07F V JD멜 전환 쫀득바출시 신규BP 양배추bp main 릴스 인지 공통 X 2P 김유진 260710 빙과 이하림,https://www.youtube.com/watch?v=g_IwBwJpm2w
26 07F V JD멜 전환 쫀득바출시 신규BP 양배추bp var1 릴스 인지 상사 X 2P 김유진 260710 빙과 이하림,https://www.youtube.com/watch?v=bIjvKaOy8yk
26 07F V JD멜 전환 쫀득바출시 신규BP 양배추bp var2 릴스 인지 500통 X 2P 김유진 260710 빙과 이하림,https://www.youtube.com/watch?v=GEh1SoqNnA0
F_V_P혼_인지_말차재입고_바이럴형_통화형_확장_main.렉카_구독자들이 말 절대,https://www.youtube.com/watch?v=Dx7DO_M7Zkg
F_V_P혼_인지_말차재입고_바이럴형_통화형_확장_var1.렉카_아뇨아뇨 의사쌤의 혼신의 회피 스킬.X_파인트P_박지원_260903_빙과_장일규,https://www.youtube.com/watch?v=9qnI9F83E9U
F_V_P혼_인지_말차재입고_바이럴형_통화형_확장_var2.렉카_의사 처방에 대한 청개구리 반응들.X_파인트P_박지원_260903_빙과_장일규,https://www.youtube.com/watch?v=VbUrofvakbk
F_V_P혼_인지_말차재입고_바이럴형_통화형_확장_var3.렉카_구독자랑 맨날 싸우고 있는 143만 유튜버.X_파인트P_박지원_260903_빙과_장일규,https://www.youtube.com/watch?v=kkz822lK8i0
F_V_P혼_인지_말차재입고_바이럴형_통화형_확장_var4.렉카_143만 유튜버를 말빨로 이겨버린 구독자.X_파인트P_박지원_260903_빙과_장일규,https://www.youtube.com/watch?v=T--Y3J4tSfw
[26.06]F_V_JD망_인지_쫀득바출시_맛인지형_꼬막BP_var1.릴스_취식먼저.X_1P_김유진_260626_빙과_정하얀,https://www.youtube.com/watch?v=f62dOeurJC8
[26.06]F_V_JD멜_인지_상시_인플루언서형_인플루언서형.인지_main.릴스_공통.X_1P_문선정_260619_빙과_이수민,https://www.youtube.com/watch?v=QvlSVA0nt5s
[26.06]F_V_JD멜_인지_쫀득바출시_네고형_지인네고형_var3.릴스_원가후킹.X_1P_김유진_260619_빙과_이수현,https://www.youtube.com/watch?v=NS_C7TU-T0o
[26.06]F_V_JD멜_인지_쫀득바출시_맛인지형_맛인지형.인지_main.릴스_공통.X_1P_문선정_260612_빙과_이수민,https://www.youtube.com/watch?v=zGqBzUHk7uA
[26.06]F_V_JD멜_인지_쫀득바출시_맛인지형_맛인지형.인지_var7.렉카_원조.6월.요한PJ_1P_문선정_260615_빙과_이수현,https://www.youtube.com/watch?v=I5-2oiKTsmQ
[26.06]F_V_JD멜_인지_쫀득바출시_숏츠형_유튜브읽기형_var2.릴스_원조이김.국민템.X_1P_문선정_260612_빙과_이수현,https://www.youtube.com/watch?v=hnPq8yXwFLQ
[26.06]F_V_JD멜_인지_쫀득바출시_신규BP_농부대첩BP_var3.릴스_레시피.X_2P_김유진_260626_빙과_노현경,https://www.youtube.com/watch?v=0SuK9TZfUiI
[26.06]F_V_JD멜_인지_쫀득바출시_신규BP_써우리BP_var1.릴스_비교1.X_1P_문선정_260626_빙과_이수민,https://www.youtube.com/watch?v=vOD63UxH5c0
[26.06]F_V_JD멜_인지_쫀득바출시_신규BP_써우리BP_var4.릴스_품절희소성.X_1P_문선정_260626_빙과_김진수,https://www.youtube.com/watch?v=LzHfadbqy1I
[26.06]F_V_JD멜_인지_쫀득바출시_원가강조형_미틀리에BP_main.릴스_공통.X_2P_김바다_260605_빙과_조의진,https://www.youtube.com/watch?v=2hcN-HsVs_k
[26.06]F_V_JD멜_인지_쫀득바출시_인물리뷰형_4050대세감_var3.릴스_왁뿌후킹.X_1P_문선정_260619_빙과_강다빈,https://www.youtube.com/watch?v=Xj9usm-lkxw
[26.06]F_V_JD멜_인지_쫀득바출시_인물리뷰형_렉카형_main.릴스_공통.X_2P_고가영_260612_빙과_김지연,https://www.youtube.com/watch?v=RLu-SP7yvTg
[26.06]F_V_JD멜_인지_쫀득바출시_일상반응형_누나동생_var3.렉카_욕심.X_1P_문선정_260619_빙과_노현경,https://www.youtube.com/watch?v=-isEMnUIVfE
[26.07]F_V_JD멜_바이럴_쫀득바출시_인지_정보전달형_main.렉카_업계최초.X_2P_김유진_260722_빙과_유영현,https://www.youtube.com/watch?v=RcgOcbnDSkI
[26.07]F_V_JD멜_인지_쫀득바출시_기타_AI활용형_main.릴스_CS제조.타사견제.본론.X_1P_문선정_260716_빙과_강다빈,https://www.youtube.com/watch?v=lBKYwYjG1bM
[26.07]F_V_JD멜_인지_쫀득바출시_기타_AI활용형_main.릴스_cs제조과정형.본론.AI건_1P_문선정_260709_빙과_강다빈,https://www.youtube.com/watch?v=UmE3aRsqEIk
[26.07]F_V_JD멜_인지_쫀득바출시_기타_AI활용형_main.릴스_바운스번BP.짝퉁등장.도망달리기.AI건_1P_문선정_260716_빙과_함주현,https://www.youtube.com/watch?v=rsWTLNoNRzY
[26.07]F_V_JD멜_인지_쫀득바출시_기타_AI활용형_main.릴스_실수네고형.이벤트기간.본론.X_1P_문선정_260716_빙과_강다빈,https://www.youtube.com/watch?v=tFKrjm3-fZM
[26.07]F_V_JD멜_인지_쫀득바출시_기타_AI활용형_main.릴스_실수네고형.할인가실수.출근길.AI건_1P_문선정_260709_빙과_함주현,https://www.youtube.com/watch?v=efIysQcrYIM
[26.07]F_V_JD멜_인지_쫀득바출시_기타_AI활용형_main.릴스_초딩유행템.금지령.AI건_1P_문선정_260722_빙과_강다빈,https://www.youtube.com/watch?v=J5H1gGpcQYY
[26.07]F_V_JD멜_인지_쫀득바출시_기타_AI활용형_main.릴스_초딩유행템.본론.AI건_1P_문선정_260723_빙과_함주현,https://www.youtube.com/watch?v=qxdNziti-04
[26.07]F_V_JD멜_인지_쫀득바출시_기타_AI활용형_var1.릴스_CS제조.타사견제.억까.X_1P_문선정_260716_빙과_강다빈,https://www.youtube.com/watch?v=p-NG6eOhdEs
[26.07]F_V_JD멜_인지_쫀득바출시_기타_AI활용형_var1.릴스_바운스번BP.짝퉁등장.바다도망.AI건_1P_문선정_260716_빙과_함주현,https://www.youtube.com/watch?v=tcrrNCfEXEg
[26.07]F_V_JD멜_인지_쫀득바출시_기타_AI활용형_var1.릴스_실수네고형.이벤트기간.POV.X_1P_문선정_260716_빙과_강다빈,https://www.youtube.com/watch?v=qmeJzKlGXAc
[26.07]F_V_JD멜_인지_쫀득바출시_기타_AI활용형_var1.릴스_실수네고형.할인가실수.비상상황.AI건_1P_문선정_260709_빙과_함주현,https://www.youtube.com/watch?v=Sb0FKjtIcIs
[26.07]F_V_JD멜_인지_쫀득바출시_기타_AI활용형_var1.릴스_초딩유행템.금지령.AI건_1P_문선정_260722_빙과_강다빈,https://www.youtube.com/watch?v=KfqII2DOKtA
[26.07]F_V_JD멜_인지_쫀득바출시_기타_AI활용형_var1.릴스_초딩유행템.학부모행진.AI건_1P_문선정_260723_빙과_함주현,https://www.youtube.com/watch?v=-_EI5r45yxs
[26.07]F_V_JD멜_인지_쫀득바출시_기타_AI활용형_var2.릴스_초딩유행템.금지령.AI건_1P_문선정_260722_빙과_강다빈,https://www.youtube.com/watch?v=RPzroknfTCk
[26.07]F_V_JD멜_인지_쫀득바출시_기타_백정BP_main.릴스_공통.X_2P_김유진_260716_빙과_조의진,https://www.youtube.com/watch?v=oRH3Ri569pQ
[26.07]F_V_JD멜_인지_쫀득바출시_기타_백정BP_var2.릴스_할인명분.X_2P_김유진_260720_빙과_조의진,https://www.youtube.com/watch?v=y1_qWdnyfBQ
[26.07]F_V_JD멜_인지_쫀득바출시_기타_백정BP_var3.릴스_OEM.X_2P_김유진_260720_빙과_조의진,https://www.youtube.com/watch?v=OGTXYzMCv3A
[26.07]F_V_JD멜_인지_쫀득바출시_기타_백정BP_var4.릴스_에르메스.X_2P_김유진_260720_빙과_조의진,https://www.youtube.com/watch?v=PTrDEz0IWjM
[26.07]F_V_JD멜_인지_쫀득바출시_바이럴형_썰풀기형_main.렉카_건희소스2.먹잘알치트키.X_1P_김유진_260723_빙과_정요한,https://www.youtube.com/watch?v=Hu0X8W6wlh0
[26.07]F_V_JD멜_인지_쫀득바출시_바이럴형_썰풀기형_main.릴스_140kg.X_2P_김유진_260724_빙과_유영현,https://www.youtube.com/watch?v=llDJ2ai08mg
[26.07]F_V_JD멜_인지_쫀득바출시_바이럴형_썰풀기형_main.릴스_대세감.억지유행.X_2P_문선정_260730_빙과_유영현,https://www.youtube.com/watch?v=Q2cotgxTWg8
[26.07]F_V_JD멜_인지_쫀득바출시_바이럴형_썰풀기형_main.릴스_라라스윗 터짐.X_2P_문선정_260731_빙과_이하림,https://www.youtube.com/watch?v=Y-aV_Al1pGM
[26.07]F_V_JD멜_인지_쫀득바출시_바이럴형_썰풀기형_main.릴스_하락장.X_1P_김유진_260724_빙과_이수현,https://www.youtube.com/watch?v=KL2R52UvHjM
[26.07]F_V_JD멜_인지_쫀득바출시_바이럴형_썰풀기형_var1.렉카_건희소스2.하이디라오붐업.X_1P_김유진_260723_빙과_정요한,https://www.youtube.com/watch?v=ex5Lb9rXTWM
[26.07]F_V_JD멜_인지_쫀득바출시_바이럴형_썰풀기형_var1.릴스_큰손손님.X_2P_김유진_260724_빙과_유영현,https://www.youtube.com/watch?v=9i3VLPR-dKk
[26.07]F_V_JD멜_인지_쫀득바출시_바이럴형_썰풀기형_var2.렉카_건희소스2.건희코인.X_1P_김유진_260723_빙과_정요한,https://www.youtube.com/watch?v=goWXXuWJqwo
[26.07]F_V_JD멜_인지_쫀득바출시_바이럴형_정보전달형_main.렉카_건희소스활용.X_1P_김유진_260721_빙과_정요한,https://www.youtube.com/watch?v=rbRplW02tbU
[26.07]F_V_JD멜_인지_쫀득바출시_바이럴형_정보전달형_main.릴스_600억.X_1P_김유진_260724_빙과_이수현,https://www.youtube.com/watch?v=UyPVgdehASY
[26.07]F_V_JD멜_인지_쫀득바출시_바이럴형_커뮤니티형_main.릴스_가스라이팅.X_1P_김유진_260731_빙과_이수현,https://www.youtube.com/watch?v=GcoNDgP7vqc
[26.07]F_V_JD멜_인지_쫀득바출시_바이럴형_커뮤니티형_main.릴스_대기업.간식.X_1P_김유진_260722_빙과_이수현,https://www.youtube.com/watch?v=47UUkVMTenU
[26.07]F_V_JD멜_인지_쫀득바출시_바이럴형_커뮤니티형_main.릴스_대기업박살.X_2P_김유진_260723_빙과_유영현,https://www.youtube.com/watch?v=Q7FBVSJezXg
[26.07]F_V_JD멜_인지_쫀득바출시_바이럴형_커뮤니티형_main.릴스_업계퇴사자.X_2P_김유진_260721_빙과_유영현,https://www.youtube.com/watch?v=8qG1W9CUxjI
[26.07]F_V_JD멜_인지_쫀득바출시_바이럴형_커뮤니티형_main.릴스_원조바뀜.X_2P_문선정_260730_빙과_이하림,https://www.youtube.com/watch?v=i-5sXH8jwtI
[26.07]F_V_JD멜_인지_쫀득바출시_바이럴형_커뮤니티형_main.릴스_전국민.가스라이팅.X_2P_문선정_260731_빙과_유영현,https://www.youtube.com/watch?v=Lf5ivcWAblw
[26.07]F_V_JD멜_인지_쫀득바출시_바이럴형_커뮤니티형_main.릴스_주식금지.X_1P_김유진_260723_빙과_이수현,https://www.youtube.com/watch?v=YtD3F-AwxDg
[26.07]F_V_JD멜_인지_쫀득바출시_바이럴형_커뮤니티형_var1.릴스_주식금지.X_1P_김유진_260723_빙과_이수현,https://www.youtube.com/watch?v=qn0lpfNA3NY
[26.07]F_V_JD멜_인지_쫀득바출시_바이럴형_커뮤니티형_var3.릴스_요즘애들.초딩.X_1P_문선정_260703_빙과_김진수,https://www.youtube.com/watch?v=UHbeO3PDuig
[26.07]F_V_JD멜_인지_쫀득바출시_소비자상황형_브이로그형_main.릴스_번따당함.X_1P_문선정_260703_빙과_정하얀,https://www.youtube.com/watch?v=RTYxn0jNq8c
[26.07]F_V_JD멜_인지_쫀득바출시_신규BP_떡볶이BP_var5.릴스_공통.X_2P_김유진_260703_빙과_조의진,https://www.youtube.com/watch?v=9VyRcWme3D4
[26.07]F_V_JD멜_인지_쫀득바출시_신규BP_먹방썰풀기_main.릴스_공통.X_2P_김유진_260724_빙과_조의진,https://www.youtube.com/watch?v=L6iY5YWtrL0
[26.07]F_V_JD멜_인지_쫀득바출시_신규BP_먹방썰풀기_var1.릴스_하이라이트.X_2P_김유진_260724_빙과_조의진,https://www.youtube.com/watch?v=GLt6Q6LwUqY
[26.07]F_V_JD멜_인지_쫀득바출시_신규BP_먹방썰풀기_var3.렉카_공통.렉카.X_2P_김유진_260724_빙과_조의진,https://www.youtube.com/watch?v=noJzVzAHzY0
[26.07]F_V_JD멜_인지_쫀득바출시_신규BP_비하인드 다큐_main.렉카_멜쫀바폐기.X_2P_문선정_260724_빙과_노현경,https://www.youtube.com/watch?v=kGQ557QkgRc
[26.07]F_V_JD멜_인지_쫀득바출시_신규BP_비하인드 다큐_var1.렉카_식감집착.X_2P_문선정_260724_빙과_노현경,https://www.youtube.com/watch?v=AKU7L5xOUDc
[26.07]F_V_JD멜_인지_쫀득바출시_신규BP_비하인드 다큐_var2.렉카_판매중단위기.X_2P_문선정_260724_빙과_노현경,https://www.youtube.com/watch?v=sBMCNeRmkBg
[26.07]F_V_JD멜_인지_쫀득바출시_신규BP_외국인빠삐코BP_main.릴스_공통.X_2P_문선정_260724_빙과_이하림,https://www.youtube.com/watch?v=V2Rh7DvzWpM
[26.07]F_V_JD멜_인지_쫀득바출시_신규BP_외국인빠삐코BP_var1.릴스_충격 외국인.X_2P_문선정_260724_빙과_이하림,https://www.youtube.com/watch?v=G6e4iiKUA9M
[26.07]F_V_JD멜_인지_쫀득바출시_신규BP_외국인뽕따BP_main.릴스_공통.X_2P_문선정_260724_빙과_이하림,https://www.youtube.com/watch?v=KLcbYOWbuBs
[26.07]F_V_JD멜_인지_쫀득바출시_신규BP_외국인뽕따BP_var1.릴스_좋아할까.X_2P_문선정_260724_빙과_이하림,https://www.youtube.com/watch?v=q5D1mno2xLA
[26.07]F_V_JD멜_인지_쫀득바출시_신규BP_외국인편의점bp_main.릴스_공통.X_2P_문선정_260724_빙과_이하림,https://www.youtube.com/watch?v=xX2UGLf90B0
[26.07]F_V_JD멜_인지_쫀득바출시_신규BP_외국인편의점bp_var1.릴스_놀란 외국인.X_2P_문선정_260724_빙과_이하림,https://www.youtube.com/watch?v=zEGVYs6GFOY
[26.07]F_V_JD멜_인지_쫀득바출시_신규BP_외국인편의점bp_var2.릴스_처음먹는 외국인.X_2P_문선정_260724_빙과_이하림,https://www.youtube.com/watch?v=rAAx2dZBVb4
[26.07]F_V_JD멜_인지_쫀득바출시_신규BP_외부BP_var1.릴스_메인.일반브금.X_2P_문선정_260703_빙과_이하림,https://www.youtube.com/watch?v=XJdvr7_McGY
[26.07]F_V_JD멜_인지_쫀득바출시_신규BP_육아bp_main.릴스_공통.X_2P_문선정_260716_빙과_이하림,https://www.youtube.com/watch?v=U-Q3Ri0-qtY
[26.07]F_V_JD멜_인지_쫀득바출시_신규BP_육아bp_var1.릴스_아기.X_2P_문선정_260716_빙과_이하림,https://www.youtube.com/watch?v=B_fuPkQAqFI
[26.07]F_V_JD멜_인지_쫀득바출시_신규BP_육아bp_var2.릴스_엄마.X_2P_문선정_260716_빙과_이하림,https://www.youtube.com/watch?v=xF7b6PqEOaA
[26.07]F_V_JD멜_인지_쫀득바출시_신규BP_육아bp_var4.릴스_로블록스.X_2P_문선정_260716_빙과_이하림,https://www.youtube.com/watch?v=ZY7w_DADLiI
[26.07]F_V_JD멜_인지_쫀득바출시_신규BP_추성훈BP_main.렉카_공통.7월.수민PJ_1P_영상팀_260724_빙과_이수민,https://www.youtube.com/watch?v=PawpA3IAh6I
[26.07]F_V_JD멜_인지_쫀득바출시_신규BP_추성훈BP_var1.렉카_손이없어서.7월.수민PJ_1P_영상팀_260724_빙과_이수민,https://www.youtube.com/watch?v=djM3zQRbO2M
[26.07]F_V_JD멜_인지_쫀득바출시_신규BP_추성훈BP_var2.렉카_1204호.7월.수민PJ_1P_영상팀_260724_빙과_이수민,https://www.youtube.com/watch?v=a-xuRQB-kOk
[26.07]F_V_JD멜_인지_쫀득바출시_신규BP_추성훈BP_var3.렉카_몰래먹기.7월.수민PJ_1P_영상팀_260724_빙과_이수민,https://www.youtube.com/watch?v=Lygi_Urzths
[26.07]F_V_JD멜_인지_쫀득바출시_신규BP_추성훈BP_var4.렉카_택배깡.7월.수민PJ_1P_영상팀_260724_빙과_이수민,https://www.youtube.com/watch?v=lEQzJOml64c
[26.07]F_V_JD멜_인지_쫀득바출시_신규BP_추성훈BP_var5.렉카_매출1등.7월.수민PJ_1P_영상팀_260724_빙과_이수민,https://www.youtube.com/watch?v=NBxdKkFGhCw
[26.07]F_V_JD멜_인지_쫀득바출시_신규BP_현장감BP_var2.릴스_사재기.죄송.X_2P_문선정_260716_빙과_유영현,https://www.youtube.com/watch?v=SxRNnmwA5FI
[26.07]F_V_JD멜_인지_쫀득바출시_신규BP_현장감BP_var3.릴스_사재기.싫은.X_2P_문선정_260716_빙과_유영현,https://www.youtube.com/watch?v=BTynakJ5eeE
[26.08]F_V_JD멜_인지_쫀득바출시_바이럴형_ai형_main.렉카_식품업계미투제품.X_스틱바P_황경원_260828_빙과_정요한.mp4,https://www.youtube.com/watch?v=KhnAhAL4Hu8
[26.08]F_V_JD멜_인지_쫀득바출시_바이럴형_권위 설득형_main.렉카_닥터후.500만 틱톡커가 먹어본 초딩 유행템_.X_스틱바P_김바다_260826_빙과_김도희.mp4,https://www.youtube.com/watch?v=ZwH-Qpns0s4
[26.08]F_V_JD멜_인지_쫀득바출시_바이럴형_권위 설득형_var1.렉카_닥터후.현재 5세대 초통령이라는 500만 틱톡커 ㄷㄷ.X_스틱바P_김바다_260826_빙과_김도희.mp4,https://www.youtube.com/watch?v=AIsxqSSZzVw
[26.08]F_V_JD멜_인지_쫀득바출시_바이럴형_썰애니형_main.릴스_컴플레인.편의점.고급멜론.X_스틱바P_이수현_260814_빙과_이수현,https://www.youtube.com/watch?v=bB0HJzv4uzU
[26.08]F_V_JD멜_인지_쫀득바출시_바이럴형_썰풀기형_main.렉카_대기업협박.X_스틱바P_황경원_260827_빙과_정요한.mp4,https://www.youtube.com/watch?v=mvya-pKS3Nk
[26.08]F_V_JD멜_인지_쫀득바출시_바이럴형_썰풀기형_main.릴스_GS25컴플레인.X_스틱바P_이재원_260814_빙과_정요한,https://www.youtube.com/watch?v=qqblchcDUgA
[26.08]F_V_JD멜_인지_쫀득바출시_바이럴형_정보전달형_main.렉카_식품업계미투제품.X_스틱바P_황경원_260827_빙과_정요한.mp4,https://www.youtube.com/watch?v=TrpN_0iILJc
[26.08]F_V_JD멜_인지_쫀득바출시_바이럴형_정보전달형_main.릴스_대구돈키호테.X_스틱바P_이재원_260813_빙과_정요한,https://www.youtube.com/watch?v=5w-D4-4gta4
[26.08]F_V_JD멜_인지_쫀득바출시_바이럴형_정보전달형_main.릴스_돈키호테역대급콜라보.X_스틱바P_이재원_260811_빙과_정요한,https://www.youtube.com/watch?v=gKd7u5uC0rE
[26.08]F_V_JD멜_인지_쫀득바출시_바이럴형_정보전달형_main.릴스_성심당.중소기업.X_스틱바P_이재원_260812_빙과_이수현,https://www.youtube.com/watch?v=aSSDVMd-yMA
[26.08]F_V_JD멜_인지_쫀득바출시_바이럴형_커뮤니티형_main.릴스_돈키호테역대급콜라보.X_스틱바P_이재원_260812_빙과_정요한,https://www.youtube.com/watch?v=8nh4UouNkLc
[26.08]F_V_JD멜_인지_쫀득바출시_바이럴형_커뮤니티형_main.릴스_성심당.비교.X_스틱바P_이재원_260811_빙과_이수현,https://www.youtube.com/watch?v=RlSw6Rpwmv0
[26.08]F_V_JD멜_인지_쫀득바출시_바이럴형_커뮤니티형_main.릴스_컴플레인.고급멜론.MZ알바.X_스틱바P_이재원_260813_빙과_이수현,https://www.youtube.com/watch?v=PeCmJGedeIg
[26.08]F_V_JD복_인지_복쫀바출시_맛인지형_오먹_var1.릴스_과일계 에르메스.X_스틱바P_이재원_260828_빙과_노현경.mp4,https://www.youtube.com/watch?v=hGbKenimSPk
[26.08]F_V_JD복_인지_복쫀바출시_맛인지형_오먹_var2.릴스_후숙복숭아.X_스틱바P_이재원_260828_빙과_노현경.mp4,https://www.youtube.com/watch?v=dwmgSg_9Ibg
[26.08]F_V_JD복_인지_복쫀바출시_맛인지형_오먹_var3.릴스_쫀득복숭아.X_스틱바P_이재원_260828_빙과_노현경.mp4,https://www.youtube.com/watch?v=QIAmygLuoyE
[26.08]F_V_JD복_인지_복쫀바출시_맛인지형_오먹_var4.릴스_100프로복숭아농축액.X_스틱바P_이재원_260828_빙과_노현경.mp4,https://www.youtube.com/watch?v=OwVeq9WvFus
[26.08]F_V_JD복_인지_복쫀바출시_맛인지형_오먹_var5.릴스_생그릭요거트.X_스틱바P_이재원_260828_빙과_노현경.mp4,https://www.youtube.com/watch?v=Z3z-a2NFidY
[26.08]F_V_JD복_인지_복쫀바출시_맛인지형_오먹_var6.릴스_1위.X_스틱바P_이재원_260828_빙과_노현경.mp4,https://www.youtube.com/watch?v=6Jhkg-PhzdQ
[26.08]F_V_JD복_인지_복쫀바출시_맛인지형_오먹_var7.릴스_유럽.X_스틱바P_이재원_260828_빙과_노현경.mp4,https://www.youtube.com/watch?v=CmsPOl5nAkw
[26.08]F_V_JD복_인지_쫀득바출시_맛인지형_오먹_main.릴스_납작복숭아가격비교.X_스틱바P_이재원_260827_빙과_노현경.mp4,https://www.youtube.com/watch?v=QZ2vZ3EatZA
[26.08]F_V_P망_바이럴_말차재입고_바이럴형_ai형_main.릴스_당독성.X_스틱바P_손유곤_260819_빙과_정요한,https://www.youtube.com/watch?v=_Ry1EHQsOi8
[26.08]F_V_P망_바이럴_말차재입고_바이럴형_정보전달_main.렉카_4050.위험신호.X_스틱바P_손유곤_260820_빙과_유영현,https://www.youtube.com/watch?v=RN9tlWcrNqg
[26.08]F_V_P망_바이럴_말차재입고_바이럴형_정보전달_main.렉카_개발자서사.대표히스토리.BP대로.X_파인트P_손유곤_260818_빙과_이수현,https://www.youtube.com/watch?v=r-NIJNJFsdo
[26.08]F_V_P망_바이럴_말차재입고_바이럴형_정보전달_main.렉카_개발자서사.엄마.BP대로.X_파인트P_손유곤_260818_빙과_이수현,https://www.youtube.com/watch?v=3xfEEz-gm6E
[26.08]F_V_P망_바이럴_말차재입고_바이럴형_정보전달_var1.렉카_4050.위험음식.X_스틱바P_손유곤_260820_빙과_유영현,https://www.youtube.com/watch?v=t89_iq78pMo
[26.08]F_V_P망_바이럴_말차재입고_바이럴형_정보전달_var1.렉카_개발자서사.대표히스토리.숫자후킹.X_파인트P_손유곤_260818_빙과_이수현,https://www.youtube.com/watch?v=eprS-wq50WA
[26.08]F_V_P망_바이럴_말차재입고_바이럴형_정보전달_var1.렉카_개발자서사.엄마.궁금증유발.회사.X_파인트P_손유곤_260818_빙과_이수현,https://www.youtube.com/watch?v=F-B2JuS_L0M
[26.08]F_V_P망_바이럴_말차재입고_바이럴형_정보전달_var2.렉카_4050.합병증.X_스틱바P_손유곤_260820_빙과_유영현,https://www.youtube.com/watch?v=Mthq8EKq9SM
[26.08]F_V_P망_바이럴_말차재입고_바이럴형_정보전달_var2.렉카_개발자서사.대표히스토리.궁금증유발.X_파인트P_손유곤_260818_빙과_이수현,https://www.youtube.com/watch?v=Mmudeih2ntg
[26.08]F_V_P망_바이럴_말차재입고_바이럴형_정보전달_var2.렉카_개발자서사.엄마.궁금증유발.엄마가.X_파인트P_손유곤_260818_빙과_이수현,https://www.youtube.com/watch?v=eecDUu3PUCQ
[26.08]F_V_P망_바이럴_말차재입고_바이럴형_정보전달_var3.렉카_4050.당뇨급증.X_스틱바P_손유곤_260820_빙과_유영현,https://www.youtube.com/watch?v=lXWbqKM-YGA
[26.08]F_V_P망_바이럴_말차재입고_바이럴형_정보전달_var3.렉카_개발자서사.대표히스토리.쓰레기후킹.X_파인트P_손유곤_260818_빙과_이수현,https://www.youtube.com/watch?v=P9GywkW88GA
[26.08]F_V_P망_바이럴_말차재입고_바이럴형_정보전달_var3.렉카_개발자서사.엄마.서사강조.X_파인트P_손유곤_260818_빙과_이수현,https://www.youtube.com/watch?v=XoQUGJPp87I
[26.08]F_V_P망_바이럴_말차재입고_바이럴형_정보전달_var4.렉카_4050.혈당스파이크.X_스틱바P_손유곤_260820_빙과_유영현,https://www.youtube.com/watch?v=15afU9P5eXw
[26.08]F_V_P망_바이럴_말차재입고_바이럴형_정보전달_var4.렉카_개발자서사.대표히스토리.퇴사강조.X_파인트P_손유곤_260818_빙과_이수현,https://www.youtube.com/watch?v=4dwxXCSGC8I
[26.08]F_V_P망_바이럴_말차재입고_바이럴형_정보전달_var4.렉카_개발자서사.엄마.성공강조.X_파인트P_손유곤_260818_빙과_이수현,https://www.youtube.com/watch?v=2z0hsKp4chE
[26.08]F_V_P망_바이럴_말차재입고_바이럴형_정보전달형_main.렉카_냉혹한현실.X_스틱바P_손유곤_260818_빙과_정요한,https://www.youtube.com/watch?v=-GecGPBG5wo
[26.08]F_V_P망_바이럴_말차재입고_바이럴형_정보전달형_main.렉카_당내성.젊은당뇨.X_스틱바P_손유곤_260819_빙과_유영현,https://www.youtube.com/watch?v=p23v1XPhOmE
[26.08]F_V_P망_바이럴_말차재입고_바이럴형_정보전달형_var1.렉카_당내성.위험간식.X_스틱바P_손유곤_260819_빙과_유영현,https://www.youtube.com/watch?v=9dYUoSgbbig
[26.08]F_V_P망_바이럴_말차재입고_바이럴형_정보전달형_var1.렉카_발암물질한가득.X_스틱바P_손유곤_260818_빙과_정요한,https://www.youtube.com/watch?v=MIT2TCNhUGg
[26.08]F_V_P망_바이럴_말차재입고_바이럴형_정보전달형_var2.렉카_당내성.2030.X_스틱바P_손유곤_260819_빙과_유영현,https://www.youtube.com/watch?v=1oYi4xHgvjs
[26.08]F_V_P망_바이럴_말차재입고_바이럴형_정보전달형_var2.렉카_불편한진실.X_스틱바P_손유곤_260818_빙과_정요한,https://www.youtube.com/watch?v=aFaDllllSO4
[26.08]F_V_P망_바이럴_말차재입고_바이럴형_정보전달형_var3.렉카_당내성.설탕.X_스틱바P_손유곤_260819_빙과_유영현,https://www.youtube.com/watch?v=a8HHSlx3YOI
[26.08]F_V_P망_바이럴_말차재입고_바이럴형_정보전달형_var3.렉카_팜유덩어리.X_스틱바P_손유곤_260818_빙과_정요한,https://www.youtube.com/watch?v=qWlJXHXumbc
[26.08]F_V_P망_바이럴_말차재입고_바이럴형_정보전달형_var4.렉카_당내성.급증.X_스틱바P_손유곤_260819_빙과_유영현,https://www.youtube.com/watch?v=Us4Erjhu6iI
[26.08]F_V_P망_바이럴_말차재입고_바이럴형_정보전달형_var4.렉카_화학물질덩어리.X_스틱바P_손유곤_260818_빙과_정요한,https://www.youtube.com/watch?v=w4N4iCMei-M
[26.08]F_V_P망_바이럴_말차재입고_바이럴형_커뮤니티_main.렉카_기름덩어리.X_파인트P_손유곤_260818_빙과_정요한,https://www.youtube.com/watch?v=nfkCtFDLxNU
[26.08]F_V_P망_바이럴_말차재입고_바이럴형_커뮤니티_main.렉카_소아비만.빡쳐서.간식.X_스틱바P_손유곤_260819_빙과_이수현,https://www.youtube.com/watch?v=IRteiWEWbA8
[26.08]F_V_P망_바이럴_말차재입고_바이럴형_커뮤니티_var1.렉카_성분표확인.X_파인트P_손유곤_260818_빙과_정요한,https://www.youtube.com/watch?v=DbLndjlxStk
[26.08]F_V_P망_바이럴_말차재입고_바이럴형_커뮤니티_var1.렉카_소아비만.대표히스토리.X_스틱바P_손유곤_260819_빙과_이수현,https://www.youtube.com/watch?v=F3tRxleGJYc
[26.08]F_V_P망_바이럴_말차재입고_바이럴형_커뮤니티_var2.렉카_소아비만.뚱뚱.과거강조.X_스틱바P_손유곤_260819_빙과_이수현,https://www.youtube.com/watch?v=t5rx0JuQKdg
[26.08]F_V_P망_바이럴_말차재입고_바이럴형_커뮤니티_var2.렉카_싸구려아이스크림.X_파인트P_손유곤_260818_빙과_정요한,https://www.youtube.com/watch?v=ZLfsxPd8K8A
[26.08]F_V_P망_바이럴_말차재입고_바이럴형_커뮤니티_var3.렉카_소아비만.잼민이.사명강조.X_스틱바P_손유곤_260819_빙과_이수현,https://www.youtube.com/watch?v=tes54bZoaJU
[26.08]F_V_P망_바이럴_말차재입고_바이럴형_커뮤니티_var3.렉카_아이스크림성분.X_파인트P_손유곤_260818_빙과_정요한,https://www.youtube.com/watch?v=B7e81492V-4
[26.08]F_V_P망_바이럴_말차재입고_바이럴형_커뮤니티_var4.렉카_소아비만.잼민이.광기.X_스틱바P_손유곤_260819_빙과_이수현,https://www.youtube.com/watch?v=L7RHUdKTVMc
[26.08]F_V_P망_바이럴_말차재입고_바이럴형_커뮤니티_var4.렉카_유크림기름덩어리.X_파인트P_손유곤_260818_빙과_정요한,https://www.youtube.com/watch?v=pBnr1VJyplg
[26.08]F_V_P망_인지_말차재입고_바이럴형_개발비하인드_main.렉카_대기업개발자설득.X_파인트P_박지원_260812_빙과_강다빈,https://www.youtube.com/watch?v=HHS1ShJb7mA
[26.08]F_V_P망_인지_말차재입고_바이럴형_개발비하인드_var1.렉카_억까브랜드.X_파인트P_박지원_260812_빙과_강다빈,https://www.youtube.com/watch?v=Fx_JaloOvVM
[26.08]F_V_P망_인지_말차재입고_바이럴형_개발비하인드_var2.렉카_4조대기업.X_파인트P_박지원_260812_빙과_강다빈,https://www.youtube.com/watch?v=PrYCA71gnOU
[26.08]F_V_P망_인지_말차재입고_바이럴형_개발비하인드_var3.렉카_전설의기업.X_파인트P_박지원_260812_빙과_강다빈,https://www.youtube.com/watch?v=L3PscmyPAtg
[26.08]F_V_P망_인지_말차재입고_바이럴형_개발비하인드_var4.렉카_매출 600억.X_파인트P_박지원_260812_빙과_강다빈,https://www.youtube.com/watch?v=FhoJRd09Prk
[26.08]F_V_P망_인지_말차재입고_바이럴형_전화통화형_main.릴스_전문가권위.500만명.약사남편.한마디.X_스틱바P_손유곤_260820_빙과_이수현,https://www.youtube.com/watch?v=gpxkPsfeoWU
[26.08]F_V_P망_인지_말차재입고_바이럴형_전화통화형_main.릴스_전문가권위.500만명.약사남편.한마디.X_스틱바P_손유곤_260820_빙과_이수현 (하겐다즈 제거),https://www.youtube.com/watch?v=dcOsXyKmOAs
[26.08]F_V_P망_인지_말차재입고_바이럴형_전화통화형_main.릴스_전문가권위.헬스트레이너.헬창친구.500만명.대화.X_스틱바P_손유곤_260821_빙과_이수현,https://www.youtube.com/watch?v=4lY8biDIbeY
[26.08]F_V_P망_인지_말차재입고_바이럴형_전화통화형_main.릴스_전문가권위.헬스트레이너.헬창친구.500만명.대화.X_스틱바P_손유곤_260821_빙과_이수현 (하겐다즈 제거),https://www.youtube.com/watch?v=bblbAmp-9mU
[26.08]F_V_P망_인지_말차재입고_바이럴형_전화통화형_var1.릴스_전문가권위.천만명.약사부부.X_스틱바P_손유곤_260820_빙과_이수현,https://www.youtube.com/watch?v=Z_YaPhe-i2A
[26.08]F_V_P망_인지_말차재입고_바이럴형_전화통화형_var1.릴스_전문가권위.천만명.약사부부.X_스틱바P_손유곤_260820_빙과_이수현 (하겐다즈 제거),https://www.youtube.com/watch?v=qwuIEGhNreI
[26.08]F_V_P망_인지_말차재입고_바이럴형_전화통화형_var1.릴스_전문가권위.헬스트레이너.20년지기.친구.4050.X_스틱바P_손유곤_260821_빙과_이수현,https://www.youtube.com/watch?v=f1vBOz4cZuA
[26.08]F_V_P망_인지_말차재입고_바이럴형_전화통화형_var1.릴스_전문가권위.헬스트레이너.20년지기.친구.4050.X_스틱바P_손유곤_260821_빙과_이수현 (하겐다즈 제거),https://www.youtube.com/watch?v=rCEwBFien9Y
[26.08]F_V_P망_인지_말차재입고_바이럴형_전화통화형_var2.릴스_전문가권위.100만명.약사남편.대답.X_스틱바P_손유곤_260820_빙과_이수현,https://www.youtube.com/watch?v=F6pBTX5fHgk
[26.08]F_V_P망_인지_말차재입고_바이럴형_전화통화형_var2.릴스_전문가권위.100만명.약사남편.대답.X_스틱바P_손유곤_260820_빙과_이수현 (하겐다즈 제거),https://www.youtube.com/watch?v=hp8bP-mzevA
[26.08]F_V_P망_인지_말차재입고_바이럴형_전화통화형_var2.릴스_전문가권위.헬스트레이너.마흔.친구.대화.4050.X_스틱바P_손유곤_260821_빙과_이수현,https://www.youtube.com/watch?v=bVAkk2GUbnw
[26.08]F_V_P망_인지_말차재입고_바이럴형_전화통화형_var2.릴스_전문가권위.헬스트레이너.마흔.친구.대화.4050.X_스틱바P_손유곤_260821_빙과_이수현 (하겐다즈 제거),https://www.youtube.com/watch?v=fHGwEUJlwaY
[26.08]F_V_P망_인지_말차재입고_바이럴형_전화통화형_var3.릴스_아내.배꼽잡고.웃은이유.X_스틱바P_손유곤_260820_빙과_이수현,https://www.youtube.com/watch?v=WPP1LrosZFM
[26.08]F_V_P망_인지_말차재입고_바이럴형_전화통화형_var3.릴스_아내.배꼽잡고.웃은이유.X_스틱바P_손유곤_260820_빙과_이수현 (하겐다즈 제거),https://www.youtube.com/watch?v=uFGIbL2FO7c
[26.08]F_V_P망_인지_말차재입고_바이럴형_전화통화형_var3.릴스_전문가권위.헬스트레이너.뚱뚱한친구.일침.X_스틱바P_손유곤_260821_빙과_이수현,https://www.youtube.com/watch?v=dwQslic65SY
[26.08]F_V_P망_인지_말차재입고_바이럴형_전화통화형_var3.릴스_전문가권위.헬스트레이너.뚱뚱한친구.일침.X_스틱바P_손유곤_260821_빙과_이수현 (하겐다즈 제거),https://www.youtube.com/watch?v=dI03le-PT9U
[26.08]F_V_P망_인지_말차재입고_바이럴형_전화통화형_var4.릴스_전문가권위.약사남편.화법.X_스틱바P_손유곤_260820_빙과_이수현,https://www.youtube.com/watch?v=dHbeCdZAuIQ
[26.08]F_V_P망_인지_말차재입고_바이럴형_전화통화형_var4.릴스_전문가권위.약사남편.화법.X_스틱바P_손유곤_260820_빙과_이수현 (하겐다즈 제거),https://www.youtube.com/watch?v=Jn-CIyZTCR8
[26.08]F_V_P망_인지_말차재입고_바이럴형_전화통화형_var4.릴스_전문가권위.헬스트레이너.친구.생기는일.X_스틱바P_손유곤_260821_빙과_이수현,https://www.youtube.com/watch?v=-9jtW1OiL9A
[26.08]F_V_P망_인지_말차재입고_바이럴형_전화통화형_var4.릴스_전문가권위.헬스트레이너.친구.생기는일.X_스틱바P_손유곤_260821_빙과_이수현 (하겐다즈 제거),https://www.youtube.com/watch?v=OUPXH47UBbU
[26.08]F_V_P망_인지_말차재입고_바이럴형_정보전달_main.렉카_4050.건강상식.X_스틱바P_손유곤_260820_빙과_정요한,https://www.youtube.com/watch?v=549qQDA9gAA
[26.08]F_V_P망_인지_말차재입고_바이럴형_정보전달_main.렉카_4050.당독소해결법.X_스틱바P_손유곤_260820_빙과_정요한,https://www.youtube.com/watch?v=jVpjzz4ckVo
[26.08]F_V_P망_인지_말차재입고_바이럴형_정보전달_main.렉카_4050.설탕독.X_스틱바P_손유곤_260820_빙과_정요한,https://www.youtube.com/watch?v=csWW2tNOOIk
[26.08]F_V_P망_인지_말차재입고_바이럴형_정보전달형_main.릴스_당독소.4050.당독소해결법.X_스틱바P_손유곤_260821_빙과_정요한,https://www.youtube.com/watch?v=2ZHdVcjVtdY
[26.08]F_V_P망_인지_말차재입고_바이럴형_정보전달형_var1.릴스_당독소.4050.대체당드세요.X_스틱바P_손유곤_260821_빙과_정요한,https://www.youtube.com/watch?v=Rk7_2ESgYNw
[26.08]F_V_P망_인지_말차재입고_바이럴형_정보전달형_var2.릴스_당독소.4050.설탕먹지마세요.X_스틱바P_손유곤_260821_빙과_정요한,https://www.youtube.com/watch?v=SX8e0k2E6PI
[26.08]F_V_P망_인지_말차재입고_바이럴형_정보전달형_var3.릴스_당독소.4050.조심해야하는것.X_스틱바P_손유곤_260821_빙과_정요한,https://www.youtube.com/watch?v=bYE1PaJ9-tI
[26.08]F_V_P망_인지_말차재입고_바이럴형_정보전달형_var4.릴스_당독소.4050.특히나조심.X_스틱바P_손유곤_260821_빙과_정요한,https://www.youtube.com/watch?v=qU1erjff-4U
[26.08]F_V_P망_인지_말차재입고_바이럴형_커뮤니티형_main.릴스_혈당스파이크.충격진단.X_스틱바P_손유곤_260821_빙과_유영현,https://www.youtube.com/watch?v=_fp6bdabGZU
[26.08]F_V_P망_인지_말차재입고_바이럴형_커뮤니티형_var1.릴스_혈당스파이크.큰일.X_스틱바P_손유곤_260821_빙과_유영현,https://www.youtube.com/watch?v=iib8c06KBHA
[26.08]F_V_P망_인지_말차재입고_바이럴형_커뮤니티형_var2.릴스_혈당스파이크.혈당지키기.X_스틱바P_손유곤_260821_빙과_유영현,https://www.youtube.com/watch?v=ncplH7Y0fGY
[26.08]F_V_P망_인지_말차재입고_바이럴형_커뮤니티형_var3.릴스_혈당스파이크.의사호통.X_스틱바P_손유곤_260821_빙과_유영현,https://www.youtube.com/watch?v=_e8qRm5UWns
[26.08]F_V_P망_인지_말차재입고_바이럴형_커뮤니티형_var4.릴스_혈당스파이크.9명몰라.X_스틱바P_손유곤_260821_빙과_유영현,https://www.youtube.com/watch?v=8t0UV-VyU9s
[26.08]F_V_P혼_바이럴_말차재입고_바이럴형_기업 스토리_main.렉카_소비자는 모르는 아이스크림 업계의 음모.X_파인트P_손유곤_260819_빙과_장일규,https://www.youtube.com/watch?v=Q3WozG60KRE
[26.08]F_V_P혼_바이럴_말차재입고_바이럴형_기업 스토리_var1.렉카_아이스크림 업계 이익의 비결은 설탕 중독.X_파인트P_손유곤_260819_빙과_장일규,https://www.youtube.com/watch?v=8lImsZih-B8
[26.08]F_V_P혼_바이럴_말차재입고_바이럴형_기업 스토리_var2.렉카_설탕 없이 하겐다즈 이긴 아이스크림의 정체.X_파인트P_손유곤_260819_빙과_장일규,https://www.youtube.com/watch?v=xIgOL12BiLk
[26.08]F_V_P혼_바이럴_말차재입고_바이럴형_기업 스토리_var3.렉카_무리하게 건강 챙긴 어느 아이스크림 브랜드의 최후.X_파인트P_손유곤_260819_빙과_장일규,https://www.youtube.com/watch?v=mCnqYMs7_LI
[26.08]F_V_P혼_바이럴_말차재입고_바이럴형_기업 스토리_var4.렉카_건강 챙기는 사람들은 여름에도 절대 안 먹는 이것.X_파인트P_손유곤_260819_빙과_장일규,https://www.youtube.com/watch?v=CzWiDGiqoZg
[26.08]F_V_P혼_바이럴_말차재입고_바이럴형_정보전달_main.렉카_성분비교.설탕무첨가.X_파인트P_손유곤_260818_빙과_유영현,https://www.youtube.com/watch?v=EQ4EFa16r4Q
[26.08]F_V_P혼_바이럴_말차재입고_바이럴형_정보전달_var1.렉카_성분비교.전세계무시.X_파인트P_손유곤_260818_빙과_유영현,https://www.youtube.com/watch?v=6Wd7m4MlKOo
[26.08]F_V_P혼_바이럴_말차재입고_바이럴형_정보전달_var2.렉카_성분비교.제로아님.X_파인트P_손유곤_260818_빙과_유영현,https://www.youtube.com/watch?v=U2IRuc0kl6w
[26.08]F_V_P혼_바이럴_말차재입고_바이럴형_정보전달_var3.렉카_성분비교.k저당.X_파인트P_손유곤_260818_빙과_유영현,https://www.youtube.com/watch?v=WxjBliR6VGY
[26.08]F_V_P혼_바이럴_말차재입고_바이럴형_정보전달_var4.렉카_성분비교.살찌우는.X_파인트P_손유곤_260818_빙과_유영현,https://www.youtube.com/watch?v=F0DUXqQPvXY
[26.08]F_V_P혼_바이럴_말차재입고_바이럴형_커뮤니티_main.렉카_성분비교.실체.X_스틱바P_손유곤_260818_빙과_유영현,https://www.youtube.com/watch?v=uaRMGJaHCdE
[26.08]F_V_P혼_바이럴_말차재입고_바이럴형_커뮤니티_var1.렉카_성분비교.당뇨환자.X_스틱바P_손유곤_260818_빙과_유영현,https://www.youtube.com/watch?v=FtcY4IPfvJA
[26.08]F_V_P혼_바이럴_말차재입고_바이럴형_커뮤니티_var2.렉카_성분비교.모르고먹음.X_스틱바P_손유곤_260818_빙과_유영현,https://www.youtube.com/watch?v=5xJ5vzY4xvg
[26.08]F_V_P혼_바이럴_말차재입고_바이럴형_커뮤니티_var3.렉카_성분비교.제로가아님.X_스틱바P_손유곤_260818_빙과_유영현,https://www.youtube.com/watch?v=7t52vU0LAKY
[26.08]F_V_P혼_바이럴_말차재입고_바이럴형_커뮤니티_var4.렉카_성분비교.혈당스파이크.X_스틱바P_손유곤_260818_빙과_유영현,https://www.youtube.com/watch?v=muqO4T4bCew
[26.08]F_V_P혼_바이럴_말차재입고_인지_개발비하인드_main.렉카_미친개발자.X_파인트P_박지원_260814_빙과_강다빈,https://www.youtube.com/watch?v=ylBaNbEGJMU
[26.08]F_V_P혼_바이럴_말차재입고_인지_개발비하인드_var1.렉카_판도.X_파인트P_박지원_260814_빙과_강다빈,https://www.youtube.com/watch?v=okL2Q8nIGDM
[26.08]F_V_P혼_바이럴_말차재입고_인지_개발비하인드_var2.렉카_고급향수.X_파인트P_박지원_260814_빙과_강다빈,https://www.youtube.com/watch?v=0faTlqL7ack
[26.08]F_V_P혼_바이럴_말차재입고_인지_개발비하인드_var3.렉카_고도의작업.X_파인트P_박지원_260814_빙과_강다빈,https://www.youtube.com/watch?v=VDOXJA-8WhI
[26.08]F_V_P혼_바이럴_말차재입고_인지_개발비하인드_var4.렉카_살찌지않기.X_파인트P_박지원_260814_빙과_강다빈,https://www.youtube.com/watch?v=FuxPqopruZE
[26.08]F_V_P혼_인지_말차재입고_바이럴형_개발히스토리_main.렉카_건강 챙기려 아이스크림 직접 만든 공대생.X_파인트P_손유곤_260814_빙과_장일규,https://www.youtube.com/watch?v=JJNsDubf6p4
[26.08]F_V_P혼_인지_말차재입고_바이럴형_개발히스토리_main.렉카_아이스크림을 위한 현대차 연구원의 광기.X_파인트P_손유곤_260813_빙과_장일규,https://www.youtube.com/watch?v=-Mo88N2bRPM
[26.08]F_V_P혼_인지_말차재입고_바이럴형_개발히스토리_var1.렉카_당뇨 걱정 없애버린 전설의 레전드 아이스크림.X_파인트P_손유곤_260813_빙과_장일규,https://www.youtube.com/watch?v=AQFZLhZDieU
[26.08]F_V_P혼_인지_말차재입고_바이럴형_개발히스토리_var2.렉카_설탕 안 먹는 사람이 만든 미친 아이스크림.X_파인트P_손유곤_260813_빙과_장일규,https://www.youtube.com/watch?v=HZfHQpNNO2s
[26.08]F_V_P혼_인지_말차재입고_바이럴형_개발히스토리_var3.렉카_건강에 미친 공학도가 만든 아이스크림의 정체.X_파인트P_손유곤_260813_빙과_장일규,https://www.youtube.com/watch?v=S_nLPhGrXTA
"[26.08]F_V_P혼_인지_말차재입고_바이럴형_개발히스토리_var4.렉카_맛, 건강 모두 챙겨서 대박 난 아이스크림.X_파인트P_손유곤_260813_빙과_장일규",https://www.youtube.com/watch?v=lY8hEkPlvwc
[26.08]F_V_P혼_인지_말차재입고_바이럴형_개발히스토리_var4.렉카_알고 보면 험난했던 저당 아이스크림 개발 비화.X_파인트P_손유곤_260814_빙과_장일규,https://www.youtube.com/watch?v=AwtHMDUQOy8
[26.08]F_V_P혼_인지_말차재입고_바이럴형_권위 설득형_main.렉카_30년차 약사가 점수 매긴 바닐라 아이스크림 성분 순위.X_파인트P_박지원_260825_빙과_이순주,https://www.youtube.com/watch?v=3spbDK8-g4s
[26.08]F_V_P혼_인지_말차재입고_바이럴형_권위 설득형_main.렉카_99%가 모르는 충격적인 아이스크림 성분.X_파인트P_손유곤_260825_빙과_장일규,https://www.youtube.com/watch?v=KQNY-GiHR2I
[26.08]F_V_P혼_인지_말차재입고_바이럴형_권위 설득형_main.렉카_당류 0g 저당 아이스크림? 숨은 성분 조회해 봤습니다.X_파인트P_박지원_260828_빙과_이순주,https://www.youtube.com/watch?v=eN1R0M4E_04
[26.08]F_V_P혼_인지_말차재입고_바이럴형_권위 설득형_main.렉카_매출 3위 찍은 의외의 국내 아이스크림.X_파인트P_박지원_260827_빙과_장일규,https://www.youtube.com/watch?v=jReRYx6xiCk
[26.08]F_V_P혼_인지_말차재입고_바이럴형_권위 설득형_main.렉카_외국산 싹 밀어내버린 현대차 출신 청년.X_파인트P_박지원_260827_빙과_이하림,https://www.youtube.com/watch?v=UfFxO2HP2pA
[26.08]F_V_P혼_인지_말차재입고_바이럴형_권위 설득형_main.렉카_프리미엄 아이스크림의 충격 실체.X_파인트P_박지원_260826_빙과_이순주,https://www.youtube.com/watch?v=W-m5zr5rtec
[26.08]F_V_P혼_인지_말차재입고_바이럴형_권위 설득형_main.렉카_한국의 저당 아이스크림을 본 외국인.X_파인트P_박지원_260827_빙과_이순주,https://www.youtube.com/watch?v=Vm0vgB3Ks7Y
[26.08]F_V_P혼_인지_말차재입고_바이럴형_권위 설득형_main.렉카_한국인들 손절 시작으로 긴장한 하겐다즈.X_파인트P_박지원_260826_빙과_장일규,https://www.youtube.com/watch?v=jOsH_YXSUsg
[26.08]F_V_P혼_인지_말차재입고_바이럴형_권위 설득형_main.렉카_흔한 엄마랑 아들 근황.X_파인트P_박지원_260828_빙과_장일규,https://www.youtube.com/watch?v=O1-5YwvYzlc
[26.08]F_V_P혼_인지_말차재입고_바이럴형_권위 설득형_var1.렉카_20년차 약사 아빠가 분석한 바닐라 아이스크림 top 5.X_파인트P_박지원_260825_빙과_이순주,https://www.youtube.com/watch?v=-NI2AFouInU
"[26.08]F_V_P혼_인지_말차재입고_바이럴형_권위 설득형_var1.렉카_가짜 제로 아이스크림, 딱대!.X_파인트P_박지원_260828_빙과_이순주",https://www.youtube.com/watch?v=dhWXh2oHRpA
[26.08]F_V_P혼_인지_말차재입고_바이럴형_권위 설득형_var1.렉카_싱글벙글 빵터지는 웃긴 가족 카톡.X_파인트P_박지원_260828_빙과_장일규,https://www.youtube.com/watch?v=FnDGbDikeHY
[26.08]F_V_P혼_인지_말차재입고_바이럴형_권위 설득형_var1.렉카_의사가 분석한 저당 아이스크림의 진실.X_파인트P_박지원_260826_빙과_이순주,https://www.youtube.com/watch?v=UZgLSN9ZVMY
[26.08]F_V_P혼_인지_말차재입고_바이럴형_권위 설득형_var1.렉카_췌장 작은 한국인이 기어코 만든 아이스크림 ㄷㄷ.X_파인트P_박지원_260827_빙과_이순주,https://www.youtube.com/watch?v=CnX6ISFYPvw
[26.08]F_V_P혼_인지_말차재입고_바이럴형_권위 설득형_var1.렉카_편의점 1티어 매출 재낀 국내 브랜드.X_파인트P_박지원_260827_빙과_장일규,https://www.youtube.com/watch?v=TiunRQbSpck
[26.08]F_V_P혼_인지_말차재입고_바이럴형_권위 설득형_var1.렉카_하극상 저질러버린 현대차 개발자.X_파인트P_박지원_260827_빙과_이하림,https://www.youtube.com/watch?v=oekgKSaFe_I
[26.08]F_V_P혼_인지_말차재입고_바이럴형_권위 설득형_var1.렉카_한국인들이 하겐다즈 손절 시작한 이유.X_파인트P_박지원_260826_빙과_장일규,https://www.youtube.com/watch?v=aTTpTG_1fN8
[26.08]F_V_P혼_인지_말차재입고_바이럴형_권위 설득형_var1.렉카_혈당 스파이크 절대 안 오는 아이스크림.X_파인트P_손유곤_260825_빙과_장일규,https://www.youtube.com/watch?v=bRonfNjWPO0
[26.08]F_V_P혼_인지_말차재입고_바이럴형_권위 설득형_var2.렉카_99%가 속고 있는 저당 아이스크림.X_파인트P_박지원_260828_빙과_이순주,https://www.youtube.com/watch?v=3sgMk4CKN2Q
[26.08]F_V_P혼_인지_말차재입고_바이럴형_권위 설득형_var2.렉카_간식에 300쓴 약사가 추천한 바닐라 아이스크림 top 5.X_파인트P_박지원_260825_빙과_이순주,https://www.youtube.com/watch?v=Obhi4W_YLfk
[26.08]F_V_P혼_인지_말차재입고_바이럴형_권위 설득형_var2.렉카_국내 아이스크림 1황 등극했다는 브랜드.X_파인트P_박지원_260827_빙과_장일규,https://www.youtube.com/watch?v=eDqgAW7Uz18
[26.08]F_V_P혼_인지_말차재입고_바이럴형_권위 설득형_var2.렉카_모르고 먹으면 혈당 폭탄 맞는 아이스크림.X_파인트P_손유곤_260825_빙과_장일규,https://www.youtube.com/watch?v=ig9u0Xibkvc
[26.08]F_V_P혼_인지_말차재입고_바이럴형_권위 설득형_var2.렉카_비싼 가격에 비해 성분 별로라는 아이스크림.X_파인트P_박지원_260826_빙과_장일규,https://www.youtube.com/watch?v=4R2oGnwh4d0
"[26.08]F_V_P혼_인지_말차재입고_바이럴형_권위 설득형_var2.렉카_성분 좋은 하겐다즈, 사실은 당류 폭탄.X_파인트P_박지원_260826_빙과_이순주",https://www.youtube.com/watch?v=UXZIwcx5u-A
[26.08]F_V_P혼_인지_말차재입고_바이럴형_권위 설득형_var2.렉카_엄마와 아들의 카톡 티키타카.X_파인트P_박지원_260828_빙과_장일규,https://www.youtube.com/watch?v=tMNYTK7p9sI
[26.08]F_V_P혼_인지_말차재입고_바이럴형_권위 설득형_var2.렉카_한국 고도비만 유튜버를 본 해외 반응 ㅋㅋ.X_파인트P_박지원_260827_빙과_이순주,https://www.youtube.com/watch?v=x9k29VfBeqE
[26.08]F_V_P혼_인지_말차재입고_바이럴형_권위 설득형_var2.렉카_해외 기업 역관광 시켜버린 국내 기업.X_파인트P_박지원_260827_빙과_이하림,https://www.youtube.com/watch?v=x8BeHire65M
[26.08]F_V_P혼_인지_말차재입고_바이럴형_권위 설득형_var3.렉카_30년차 약사가 뜯어본 시판 바닐라 아이스크림 성분 순위.X_파인트P_박지원_260825_빙과_이순주,https://www.youtube.com/watch?v=EYuMjWosl7A
[26.08]F_V_P혼_인지_말차재입고_바이럴형_권위 설득형_var3.렉카_라라스윗만이 진짜 저당인 이유.X_파인트P_박지원_260826_빙과_이순주,https://www.youtube.com/watch?v=pJNZDQVlsyA
[26.08]F_V_P혼_인지_말차재입고_바이럴형_권위 설득형_var3.렉카_성분 알고 나면 못 먹는다는 아이스크림.X_파인트P_손유곤_260825_빙과_장일규,https://www.youtube.com/watch?v=U3YIX0zUD9Y
[26.08]F_V_P혼_인지_말차재입고_바이럴형_권위 설득형_var3.렉카_유쾌한 엄마의 카톡대화ㅋㅋㅋㅋ.X_파인트P_박지원_260828_빙과_장일규,https://www.youtube.com/watch?v=s_F3wIos5gI
[26.08]F_V_P혼_인지_말차재입고_바이럴형_권위 설득형_var3.렉카_진짜 제로' 라라스윗 파인트 성분 조회 결과.X_파인트P_박지원_260828_빙과_이순주,https://www.youtube.com/watch?v=xHb9UsFDhW0
[26.08]F_V_P혼_인지_말차재입고_바이럴형_권위 설득형_var3.렉카_프리미엄 아이스크림이라더니 성분 폭로당함;;.X_파인트P_박지원_260827_빙과_장일규,https://www.youtube.com/watch?v=NxpIkEvzRrs
[26.08]F_V_P혼_인지_말차재입고_바이럴형_권위 설득형_var3.렉카_한국 되던데 해외 이걸 어캐 함.X_파인트P_박지원_260827_빙과_이순주,https://www.youtube.com/watch?v=MOgye9AMJpM
[26.08]F_V_P혼_인지_말차재입고_바이럴형_권위 설득형_var3.렉카_한국 차별한 기업의 최후.X_파인트P_박지원_260827_빙과_이하림,https://www.youtube.com/watch?v=oJEurLz8hSU
[26.08]F_V_P혼_인지_말차재입고_바이럴형_권위 설득형_var3.렉카_해외 프리미엄 아이스크림의 배신.X_파인트P_박지원_260826_빙과_장일규,https://www.youtube.com/watch?v=vZ6TPMToEAw
[26.08]F_V_P혼_인지_말차재입고_바이럴형_권위 설득형_var4.렉카_귀엽고 유쾌한 엄마랑 아들 카톡.X_파인트P_박지원_260828_빙과_장일규,https://www.youtube.com/watch?v=K_WwXBmZpUI
[26.08]F_V_P혼_인지_말차재입고_바이럴형_권위 설득형_var4.렉카_만년 다이어터 약사가 추천한 바닐라 아이스크림.X_파인트P_박지원_260825_빙과_이순주,https://www.youtube.com/watch?v=XId02uGhTgg
[26.08]F_V_P혼_인지_말차재입고_바이럴형_권위 설득형_var4.렉카_아이스크림 대기업 싹 다 엎어버린 남성.X_파인트P_박지원_260827_빙과_이하림,https://www.youtube.com/watch?v=ur7Aa-EHCgY
[26.08]F_V_P혼_인지_말차재입고_바이럴형_권위 설득형_var4.렉카_아이스해외에서 눈독 들이기 시작한 국산 디저트.X_파인트P_박지원_260827_빙과_이순주,https://www.youtube.com/watch?v=MrtqBL5lQGA
[26.08]F_V_P혼_인지_말차재입고_바이럴형_권위 설득형_var4.렉카_저당이라더니 혈당이 왜이리 오르지.X_파인트P_박지원_260828_빙과_이순주,https://www.youtube.com/watch?v=5Y_hMsFopnw
[26.08]F_V_P혼_인지_말차재입고_바이럴형_권위 설득형_var4.렉카_전문가가 추천하는 저당 아이스크림.X_파인트P_손유곤_260825_빙과_장일규,https://www.youtube.com/watch?v=_ILHk9vLy-Q
[26.08]F_V_P혼_인지_말차재입고_바이럴형_권위 설득형_var4.렉카_좋은 재료로 홍보하다 딱 걸린 하겐다즈.X_파인트P_박지원_260826_빙과_장일규,https://www.youtube.com/watch?v=OfmWmyLEulw
[26.08]F_V_P혼_인지_말차재입고_바이럴형_권위 설득형_var4.렉카_편의점 귀족 아이스크림의 몰락.X_파인트P_박지원_260827_빙과_장일규,https://www.youtube.com/watch?v=MYfbK8iq0GM
[26.08]F_V_P혼_인지_말차재입고_바이럴형_권위 설득형_var4.렉카_프리미엄 아이스크림 먹으면 생기는 일.X_파인트P_박지원_260826_빙과_이순주,https://www.youtube.com/watch?v=XTNzgorojIE
[26.08]F_V_P혼_인지_말차재입고_바이럴형_기업 스토리_main.렉카_프리미엄 아이스크림 하겐다즈가 국내 기업에 밀려난 이유.X_파인트P_손유곤_260821_빙과_장일규,https://www.youtube.com/watch?v=3Y5bGxq4g74
[26.08]F_V_P혼_인지_말차재입고_바이럴형_기업 스토리_main.렉카_해외 근본 브랜드에 하극상 저지른 국내 기업의 최후.X_파인트P_손유곤_260820_빙과_장일규,https://www.youtube.com/watch?v=JEdWqsESSYw
[26.08]F_V_P혼_인지_말차재입고_바이럴형_기업 스토리_var1.렉카_글로벌 기업이 유일하게 못 이긴 국내 아이스크림.X_파인트P_손유곤_260821_빙과_장일규,https://www.youtube.com/watch?v=lTaEuY9zxBQ
[26.08]F_V_P혼_인지_말차재입고_바이럴형_기업 스토리_var1.렉카_맛으로 근본 아이스크림 이겨서 화제라는 아이스크림.X_파인트P_손유곤_260820_빙과_장일규,https://www.youtube.com/watch?v=0efj2nZsrk8
[26.08]F_V_P혼_인지_말차재입고_바이럴형_기업 스토리_var2.렉카_의외의 저당 아이스크림에 매출 역전당한 하겐다즈.X_파인트P_손유곤_260820_빙과_장일규,https://www.youtube.com/watch?v=u6g9o-0IZwE
[26.08]F_V_P혼_인지_말차재입고_바이럴형_기업 스토리_var2.렉카_해외 프리미엄 아이스크림을 맛으로 이겨버린 국내 기업.X_파인트P_손유곤_260821_빙과_장일규,https://www.youtube.com/watch?v=T9sVbpXExyQ
[26.08]F_V_P혼_인지_말차재입고_바이럴형_기업 스토리_var3.렉카_프리미엄 아이스크림 재료 비교해보니 나온 충격적인 결과.X_파인트P_손유곤_260821_빙과_장일규,https://www.youtube.com/watch?v=2aLe4qR0hwY
[26.08]F_V_P혼_인지_말차재입고_바이럴형_기업 스토리_var3.렉카_하겐다즈에 맛과 매출 모두 이겨버린 국내 아이스크림.X_파인트P_손유곤_260820_빙과_장일규,https://www.youtube.com/watch?v=qZmfAYGSXTU
[26.08]F_V_P혼_인지_말차재입고_바이럴형_기업 스토리_var4.렉카_맛으로 근본 아이스크림 제쳐 버린 국내 아이스크림의 정체.X_파인트P_손유곤_260820_빙과_장일규,https://www.youtube.com/watch?v=pQQQ-iD3rro
[26.08]F_V_P혼_인지_말차재입고_바이럴형_기업 스토리_var4.렉카_저당인데 하겐다즈보다 맛있어서 화제라는 국내 아이스크림.X_파인트P_손유곤_260821_빙과_장일규,https://www.youtube.com/watch?v=wGrqZ0neMkQ
[26.08]F_V_P혼_인지_말차재입고_바이럴형_대결구도_main.렉카_경쟁사.X_파인트P_손유곤_260813_빙과_강다빈,https://www.youtube.com/watch?v=TPTEM01ptdk
[26.08]F_V_P혼_인지_말차재입고_바이럴형_대결구도_var1.렉카_유행.X_파인트P_손유곤_260813_빙과_강다빈,https://www.youtube.com/watch?v=aTziLUhZQVc
[26.08]F_V_P혼_인지_말차재입고_바이럴형_대결구도_var2.렉카_중소기업.X_파인트P_손유곤_260813_빙과_강다빈,https://www.youtube.com/watch?v=S4d742GoU1A
[26.08]F_V_P혼_인지_말차재입고_바이럴형_대결구도_var3.렉카_현대차.X_파인트P_손유곤_260813_빙과_강다빈,https://www.youtube.com/watch?v=YUjYT_X-mXs
[26.08]F_V_P혼_인지_말차재입고_바이럴형_대결구도_var4.렉카_노빠꾸연구원.X_파인트P_손유곤_260813_빙과_강다빈,https://www.youtube.com/watch?v=OffP1kq0AWY
[26.08]F_V_P혼_인지_말차재입고_바이럴형_반전비하인드_main.렉카_개발자 의도.X_파인트P_손유곤_260812_빙과_강다빈,https://www.youtube.com/watch?v=ybwvuA9TDik
[26.08]F_V_P혼_인지_말차재입고_바이럴형_반전비하인드_var1.렉카_진짜 사는 이유.X_파인트P_손유곤_260812_빙과_강다빈,https://www.youtube.com/watch?v=d1TuZPAvFbY
[26.08]F_V_P혼_인지_말차재입고_바이럴형_반전비하인드_var2.렉카_이름 뺏긴.X_파인트P_손유곤_260812_빙과_강다빈,https://www.youtube.com/watch?v=_Tkk1jTGNhk
[26.08]F_V_P혼_인지_말차재입고_바이럴형_반전비하인드_var3.렉카_아이돌들이 숨기면서.X_파인트P_손유곤_260812_빙과_강다빈,https://www.youtube.com/watch?v=DcwgTaLTX6Q
[26.08]F_V_P혼_인지_말차재입고_바이럴형_반전비하인드_var4.렉카_초대박.X_파인트P_손유곤_260812_빙과_강다빈,https://www.youtube.com/watch?v=k3GGceC9x7M
[26.08]F_V_P혼_인지_말차재입고_바이럴형_통화형_확장_main.렉카_400만명 웃긴 언니의 한마디 .X_파인트P_박지원_260831_빙과_이순주,https://www.youtube.com/watch?v=-neFUehWL0Q
[26.08]F_V_P혼_인지_말차재입고_바이럴형_통화형_확장_var1.렉카_천만명 웃게 만든 전설의 자매 통화.X_파인트P_박지원_260831_빙과_이순주,https://www.youtube.com/watch?v=QoHNq82Ou5I
[26.08]F_V_P혼_인지_말차재입고_바이럴형_통화형_확장_var2.렉카_전화받은 언니가 개빡친 이유.X_파인트P_박지원_260831_빙과_이순주,https://www.youtube.com/watch?v=yuqplB1d4OM
[26.08]F_V_P혼_인지_말차재입고_바이럴형_통화형_확장_var3.렉카_언니가 숨겨둔 음식 몰래 먹는 동생;;.X_파인트P_박지원_260831_빙과_이순주,https://www.youtube.com/watch?v=j6QinRfsH9g
[26.08]F_V_P혼_인지_말차재입고_바이럴형_통화형_확장_var4.렉카_헬창 언니한테 참교육 당한 동생.X_파인트P_박지원_260831_빙과_이순주,https://www.youtube.com/watch?v=ztSgmLVXXyg
[26.08]F_V_P혼_인지_말차재입고_바이럴형_프리미엄 실체 비교_main.렉카_믿고 먹는 프리미엄 아이스크림의 충격적인 실체.X_파인트P_손유곤_260818_빙과_장일규,https://www.youtube.com/watch?v=uiLU2O2vX4U
[26.08]F_V_P혼_인지_말차재입고_바이럴형_프리미엄 실체 비교_main.렉카_생각보다 정성 엄청 들어가는 아이스크림ㄷㄷ.X_파인트P_손유곤_260818_빙과_장일규,https://www.youtube.com/watch?v=SCqkR_3FhMA
[26.08]F_V_P혼_인지_말차재입고_바이럴형_프리미엄 실체 비교_var1.렉카_말차 원산지 표기 안해서 논란 중인 수입산 아이스크림.X_파인트P_손유곤_260818_빙과_장일규,https://www.youtube.com/watch?v=i3Ru2m3BcZs
[26.08]F_V_P혼_인지_말차재입고_바이럴형_프리미엄 실체 비교_var1.렉카_저당 아이스크림은 이 브랜드로 먹어야 함.X_파인트P_손유곤_260818_빙과_장일규,https://www.youtube.com/watch?v=BGZ_b-bgPPk
[26.08]F_V_P혼_인지_말차재입고_바이럴형_프리미엄 실체 비교_var2.렉카_말차 수입산 안쓰고 제주산 고집하던 브랜드의 최후.X_파인트P_손유곤_260818_빙과_장일규,https://www.youtube.com/watch?v=HDqdNT_fBz4
[26.08]F_V_P혼_인지_말차재입고_바이럴형_프리미엄 실체 비교_var2.렉카_원재료 퀄리티부터 다른 의외의 아이스크림.X_파인트P_손유곤_260818_빙과_장일규,https://www.youtube.com/watch?v=XBARLs-jMSo
[26.08]F_V_P혼_인지_말차재입고_바이럴형_프리미엄 실체 비교_var3.렉카_몰래 제주산 말차 써서 화제라는 국내 중소기업 아이스크림.X_파인트P_손유곤_260818_빙과_장일규,https://www.youtube.com/watch?v=d_N6oxbfkYY
[26.08]F_V_P혼_인지_말차재입고_바이럴형_프리미엄 실체 비교_var3.렉카_원가 생각하면 무조건 이 아이스크림 먹어야 함.X_파인트P_손유곤_260818_빙과_장일규,https://www.youtube.com/watch?v=7di4Y55tGC4
[26.08]F_V_P혼_인지_말차재입고_바이럴형_프리미엄 실체 비교_var4.렉카_국내 일반 아이스크림의 70%는 부정 성분 덩어리.X_파인트P_손유곤_260818_빙과_장일규,https://www.youtube.com/watch?v=WsITy-LHn5s
[26.08]F_V_P혼_인지_말차재입고_바이럴형_프리미엄 실체 비교_var4.렉카_수입산 말차 쓰는데 원산지 숨기는 프리미엄 아이스크림.X_파인트P_손유곤_260818_빙과_장일규,https://www.youtube.com/watch?v=ftOl_cFLztw
[26.09]F_I_P혼_전환_상시_바이럴형_콘T기획.전화통화형_.릴스_권위자.성분.필테강사.찔려서 말도 제대로 못하는 친구.__이순주_260904_빙과_이순주,https://www.youtube.com/watch?v=60cSPTjGM_k
[26.09]F_V_JD복_인지_복쫀바출시_맛인지형_우베BP_main.릴스_납작복숭아.X_스틱바P_황경원_260904_빙과_정요한,https://www.youtube.com/watch?v=sn0CuNZ8e-g
[26.09]F_V_JD복_인지_복쫀바출시_신규BP_백정BP_main.릴스_납작복숭아.X_스틱바P_황경원_260904_빙과_정요한,https://www.youtube.com/watch?v=9FWB2f6_rMI
[26.09]F_V_JD복_전환_복쫀바출시_인물리뷰형_써우리BP_main.릴스_편의점.X_스틱바P_황경원_260904_빙과_노현경,https://www.youtube.com/watch?v=20Y_aRWzlxY
[26.09]F_V_JD복_전환_복쫀바출시_인물리뷰형_써우리BP_var1.릴스_쫀득.X_스틱바P_황경원_260904_빙과_노현경,https://www.youtube.com/watch?v=sYcDzdsnvFQ
[26.09]F_V_JD복_전환_복쫀바출시_인물리뷰형_써우리BP_var2.릴스_납작복숭아.X_스틱바P_황경원_260904_빙과_노현경,https://www.youtube.com/watch?v=5skzahV8nhg
[26.09]F_V_P혼_인지_말차재입고_바이럴형_개발자 서사_main.렉카_뚱뚱한 잼민이의 광기가 만든 간식.X_파인트P_박지원_260902_빙과_이순주(하겐다즈제거),https://www.youtube.com/watch?v=Dji1wf845dQ
[26.09]F_V_P혼_인지_말차재입고_바이럴형_개발자 서사_var1.렉카_뚱뚱했던 과거가 불러온 의외의 대박.X_파인트P_박지원_260902_빙과_이순주(하겐다즈제거),https://www.youtube.com/watch?v=NsKUJJQ3e1M
[26.09]F_V_P혼_인지_말차재입고_바이럴형_개발자 서사_var2.렉카_아이스크림 미친 대표가 빡쳐서 만든 간식.X_파인트P_박지원_260902_빙과_이순주(하겐다즈제거),https://www.youtube.com/watch?v=-TskfhiYzFE
[26.09]F_V_P혼_인지_말차재입고_바이럴형_개발자 서사_var3.렉카_소아비만 출신이 빡쳐서 만든 간식.X_파인트P_박지원_260902_빙과_이순주(하겐다즈제거),https://www.youtube.com/watch?v=3biRVG5pUDw
[26.09]F_V_P혼_인지_말차재입고_바이럴형_개발자 서사_var4.렉카_한국 아이들을 위한 잼민이의 광기.X_파인트P_박지원_260902_빙과_이순주(하겐다즈제거),https://www.youtube.com/watch?v=azuHB2Mjuk4
[26.09]F_V_P혼_인지_말차재입고_바이럴형_통화형_확장_main.렉카_500만명을 미소 짓게 한 아들의 한마디.X_파인트P_박지원_260901_빙과_김도희,https://www.youtube.com/watch?v=YPW_wzUUyxs
[26.09]F_V_P혼_인지_말차재입고_바이럴형_통화형_확장_main.렉카_상담원이 갱상도 사투리를 못 알아들으면 생기는 일.X_파인트P_박지원_260902_빙과_이순주,https://www.youtube.com/watch?v=BiyA1UQ_64g
[26.09]F_V_P혼_인지_말차재입고_바이럴형_통화형_확장_main.렉카_의사 오빠가 돈 버는 이유.X_파인트P_박지원_260901_빙과_이순주,https://www.youtube.com/watch?v=YEnt2IQS8_M
[26.09]F_V_P혼_인지_말차재입고_바이럴형_통화형_확장_main.렉카_천만뷰 찍었던 신혼부부의 대화 마지막 급발진ㅋㅋㅋ.X_파인트P_박지원_260902_빙과_장일규,https://www.youtube.com/watch?v=vfVoyvclOok
[26.09]F_V_P혼_인지_말차재입고_바이럴형_통화형_확장_main.렉카_편의점에 전화했다가 빵 터진 이유.X_파인트P_박지원_260901_빙과_장일규,https://www.youtube.com/watch?v=lqobFdnxf7Y
[26.09]F_V_P혼_인지_말차재입고_바이럴형_통화형_확장_var1.렉카_800만명 훈훈하게 만든 막내와 장남.X_파인트P_박지원_260901_빙과_이순주,https://www.youtube.com/watch?v=-T0U2FF72PA
[26.09]F_V_P혼_인지_말차재입고_바이럴형_통화형_확장_var1.렉카_나나수위가 뭔데요... 상담원 레전드 통화.X_파인트P_박지원_260902_빙과_이순주,https://www.youtube.com/watch?v=ub4fYqDWXPs
[26.09]F_V_P혼_인지_말차재입고_바이럴형_통화형_확장_var1.렉카_잘 밤에 아이스크림 때문에 싸운 부부의 현실 대화.X_파인트P_박지원_260902_빙과_장일규,https://www.youtube.com/watch?v=ERfU0ys1xhM
[26.09]F_V_P혼_인지_말차재입고_바이럴형_통화형_확장_var1.렉카_천만명을 미소 짓게 만든 전설의 아빠와 아들의 통화.X_파인트P_박지원_260901_빙과_김도희,https://www.youtube.com/watch?v=-bw5yC2pI5o
[26.09]F_V_P혼_인지_말차재입고_바이럴형_통화형_확장_var2.렉카_100만명을 웃게 만든 7살 아들의 대답.X_파인트P_박지원_260901_빙과_김도희,https://www.youtube.com/watch?v=FtEn0uppiX4
[26.09]F_V_P혼_인지_말차재입고_바이럴형_통화형_확장_var2.렉카_다음날 남편 쫓겨나서 싹싹 빌었다는 부부의 대화.X_파인트P_박지원_260902_빙과_장일규,https://www.youtube.com/watch?v=dVr9vrE9KDQ
[26.09]F_V_P혼_인지_말차재입고_바이럴형_통화형_확장_var2.렉카_사장 아니고 알바생 맞음ㅋㅋ.X_파인트P_박지원_260903_빙과_이순주,https://www.youtube.com/watch?v=dlUR8VFGwAg
[26.09]F_V_P혼_인지_말차재입고_바이럴형_통화형_확장_var2.렉카_손님을 웃게 만든 신입 편의점 알바의 실수.X_파인트P_박지원_260901_빙과_장일규,https://www.youtube.com/watch?v=TcyyJzY4QzU
[26.09]F_V_P혼_인지_말차재입고_바이럴형_통화형_확장_var2.렉카_아이스크림 시켰다가 답답해진 경상도 고객님.X_파인트P_박지원_260902_빙과_이순주,https://www.youtube.com/watch?v=So0lDVfv1jA
[26.09]F_V_P혼_인지_말차재입고_바이럴형_통화형_확장_var2.렉카_천만명 웃게 만든 현실 막내.X_파인트P_박지원_260901_빙과_이순주,https://www.youtube.com/watch?v=wByCzgoYoM4
[26.09]F_V_P혼_인지_말차재입고_바이럴형_통화형_확장_var3.렉카_100만명 빵 터진 현실 남매.X_파인트P_박지원_260901_빙과_이순주,https://www.youtube.com/watch?v=gjeOMkiR1CY
[26.09]F_V_P혼_인지_말차재입고_바이럴형_통화형_확장_var3.렉카_300만 명 빵 터진 전설의 사투리 대참사.X_파인트P_박지원_260902_빙과_이순주,https://www.youtube.com/watch?v=_gMiGJG_j64
[26.09]F_V_P혼_인지_말차재입고_바이럴형_통화형_확장_var3.렉카_듣다보면 나도 모르게 웃게 되는 부자의 통화.X_파인트P_박지원_260901_빙과_김도희,https://www.youtube.com/watch?v=2HW_Xw2NshQ
[26.09]F_V_P혼_인지_말차재입고_바이럴형_통화형_확장_var3.렉카_모두가 빵 터진 편의점 알바와 손님의 대화.X_파인트P_박지원_260901_빙과_장일규,https://www.youtube.com/watch?v=2RLPOLnrbts
[26.09]F_V_P혼_인지_말차재입고_바이럴형_통화형_확장_var3.렉카_아이스크림 먹고 싶은 아내 vs 남편의 철벽 방어ㅋㅋㅋ.X_파인트P_박지원_260902_빙과_장일규,https://www.youtube.com/watch?v=Ou4bZuT9J1M
[26.09]F_V_P혼_인지_말차재입고_바이럴형_통화형_확장_var4.렉카_고객센터 상담원 멘붕 오게 만든 경상도 사투리.X_파인트P_박지원_260902_빙과_이순주,https://www.youtube.com/watch?v=SEKlMVyNQsY
[26.09]F_V_P혼_인지_말차재입고_바이럴형_통화형_확장_var4.렉카_너무 다정한 1등 아빠의 화법.X_파인트P_박지원_260901_빙과_김도희,https://www.youtube.com/watch?v=sKG59dO7gyg
[26.09]F_V_P혼_인지_말차재입고_바이럴형_통화형_확장_var4.렉카_새로운 이름 만들어버린 사오정 편의점 알바.X_파인트P_박지원_260901_빙과_장일규,https://www.youtube.com/watch?v=JEKvHDQ5xH0
[26.09]F_V_P혼_인지_말차재입고_바이럴형_통화형_확장_var4.렉카_아픈 아내 아이스크림 안 갖다주는 남편의 최후.X_파인트P_박지원_260902_빙과_장일규,https://www.youtube.com/watch?v=L94K5Xd2AU0
[26.09]F_V_P혼_인지_말차재입고_바이럴형_통화형_확장_var4.렉카_의사 오빠가 다이어트하는 동생 놀리는 법.X_파인트P_박지원_260901_빙과_이순주,https://www.youtube.com/watch?v=SrEb7T_-WzA
aekyeong11.mp4,https://www.youtube.com/watch?v=MIvPkZO9kSc
b0.__.0k.mp4,https://www.youtube.com/watch?v=3nba08qcxu0
bbuni_sol.mp4,https://www.youtube.com/watch?v=h23CetzqcsA
cmonprefere__k.mp4,https://www.youtube.com/watch?v=kKFn7fX_Y2Y
cozyzone_ee.mp4,https://www.youtube.com/watch?v=kdrg6wfJQDk
d_love_ys.mp4,https://www.youtube.com/watch?v=TdG3mQCr8Bc
daong_yi.mp4,https://www.youtube.com/watch?v=rIwtAzckovY
ddu___0.mp4,https://www.youtube.com/watch?v=uuL4jsTBKMQ
dodoscene.mp4,https://www.youtube.com/watch?v=L7ozkECVd84
eunbynko.mp4,https://www.youtube.com/watch?v=NRzVjB9wP30
eunring_,https://www.youtube.com/watch?v=-QrINKIqF2U
euunjoo.mp4,https://www.youtube.com/watch?v=Jh0iBF-AHQI
haaube.mp4,https://www.youtube.com/watch?v=43mNW0WetUI
honijam.mp4,https://www.youtube.com/watch?v=oid2T6hDiu4
kdaaeng.mp4,https://www.youtube.com/watch?v=ah9XVBxJdng
ksxxida.mp4,https://www.youtube.com/watch?v=CWp4rnXpnG4
kwaksuaaaa.mp4,https://www.youtube.com/watch?v=oqlTAsP9MUQ
leem_life.mp4,https://www.youtube.com/watch?v=VfvKM0AHsMo
lovely0811.mp4,https://www.youtube.com/watch?v=JEJoxOLob-g
miju_yah.mp4,https://www.youtube.com/watch?v=RkZXZlRcBxs
minimore.927.mp4,https://www.youtube.com/watch?v=5cT4PHTBSu0
myhoney_717,https://www.youtube.com/watch?v=wSgSNWqG31E
niker_jaen.mp4,https://www.youtube.com/watch?v=yOZ98bD5RYE
okindflower,https://www.youtube.com/watch?v=Dt-a4ddpUmo
payforyouth_.mp4,https://www.youtube.com/watch?v=iWHLI3kml5g
quan_d_.mp4,https://www.youtube.com/watch?v=uqq06GVUy0g
riverbinn.mp4,https://www.youtube.com/watch?v=Maozl_mrdrc
s_eo__fit.mp4,https://www.youtube.com/watch?v=0t_ysaQ9rQE
siyeonyoojoa.mp4,https://www.youtube.com/watch?v=jRIFOyDGZFI
suj_43.mp4,https://www.youtube.com/watch?v=JK7W-YN5zNk
tteok_young_.mp4,https://www.youtube.com/watch?v=MXWx3-cmvHs
unyouu.mp4,https://www.youtube.com/watch?v=m26sGTt87OI
xcvijy,https://www.youtube.com/watch?v=6n4A6VshZFo
xeoj.ng.mp4,https://www.youtube.com/watch?v=0JgVYkCL6N8
yesoolcat.mp4,https://www.youtube.com/watch?v=NOGRvX1n9xk
zzung_184,https://www.youtube.com/watch?v=FNoeq-FDf7M
복제용광고,https://www.youtube.com/watch?v=f1vBOz4cZuA
